name,surname,email,phoneNumber,address,city,state,zipCode,country
Rocky,Quaintance,rquaintance0@indiatimes.com,+351 (925) 442-4750,9th Floor,San Diego,PT,4G4MF,Portugal
Deena,Albin,dalbin1@msn.com,+351 (311) 302-6458,Apt 1804,Dallas,PT,7FSR1,Portugal
Adriaens,Kielt,akielt2@blogger.com,+1 (602) 448-3623,Apt 163,Chicago,US,K7WQ8,United States
Jacques,Tretter,jtretter3@youtube.com,+591 (786) 193-8724,Apt 1097,New York,BO,1T414,Bolivia
Elysee,Elvy,eelvy4@tuttocitta.it,+1 (212) 989-0615,PO Box 82627,Houston,US,32QOV,United States
Dulciana,Spitell,dspitell5@jalbum.net,+1 (404) 586-6730,Room 1058,San Jose,US,KNRMV,United States
Ab,Uren,auren6@discuz.net,+972 (853) 957-7677,Apt 1907,New York,IL,49D67,Israel
Almire,Anglish,aanglish7@google.cn,+351 (174) 569-4447,PO Box 37306,Los Angeles,PT,UPOB0,Portugal
Bamby,Barter,bbarter8@networksolutions.com,+351 (431) 642-9830,PO Box 88766,Los Angeles,PT,H34V5,Portugal
Catrina,Blackadder,cblackadder9@godaddy.com,+591 (229) 465-9249,12th Floor,Houston,BO,395Z6,Bolivia
Starla,Grabban,sgrabbana@booking.com,+351 (152) 245-9632,Suite 8,San Diego,PT,Y68P4,Portugal
Tilly,Riccardelli,triccardellib@reddit.com,+1 (816) 635-0121,Apt 1615,Los Angeles,US,HBANS,United States
Lenna,Gostridge,lgostridgec@prlog.org,+351 (943) 833-0493,Apt 78,San Diego,PT,8Q90B,Portugal
Jacki,Scarre,jscarred@dmoz.org,+351 (936) 757-5464,Suite 8,San Jose,PT,IQEPB,Portugal
Lovell,Hafner,lhafnere@sciencedaily.com,+34 (290) 777-9727,PO Box 61434,San Antonio,ES,66A37,Spain
Verney,Le Marchand,vlemarchandf@yellowpages.com,+44 (375) 488-7587,3rd Floor,San Jose,GB,1203A,United Kingdom
Neddy,Aliberti,nalibertig@virginia.edu,+1 (317) 101-7513,Room 1688,New York,US,P9ZO7,United States
Lynn,Fudge,lfudgeh@sakura.ne.jp,+351 (300) 449-7185,Apt 554,Phoenix,PT,21X8D,Portugal
Luella,McCambrois,lmccambroisi@biglobe.ne.jp,+1 (704) 427-8957,PO Box 16905,Phoenix,US,046LI,United States
Trula,Riquet,triquetj@instagram.com,+351 (443) 115-6242,PO Box 50239,Philadelphia,PT,4SY85,Portugal
Alexa,Muckersie,amuckersiek@blog.com,+351 (748) 580-7755,Room 1537,San Jose,PT,1V177,Portugal
Ezra,Bizley,ebizleyl@myspace.com,+1 (423) 451-9941,Apt 92,Los Angeles,US,TGW91,United States
Catrina,Cranney,ccranneym@sciencedaily.com,+1 (310) 761-0675,Apt 1628,Chicago,US,TZ2Z8,United States
Garik,Olufsen,golufsenn@mashable.com,+1 (601) 981-8428,15th Floor,San Jose,US,R1U87,United States
Blithe,Hasty,bhastyo@paginegialle.it,+1 (502) 424-9721,Suite 14,Dallas,US,92155,United States
Odella,Pyner,opynerp@hugedomains.com,+1 (614) 896-2319,6th Floor,Dallas,US,47XW3,United States
Vidovik,Gallaway,vgallawayq@mapy.cz,+351 (657) 285-0152,Room 227,Chicago,PT,S39YV,Portugal
Archie,Galloway,agallowayr@yahoo.com,+351 (521) 461-5127,Suite 80,Los Angeles,PT,83PXB,Portugal
Gilbert,Sandars,gsandarss@squarespace.com,+1 (682) 749-4885,5th Floor,Houston,US,MQY2G,United States
Renata,Scolli,rscollit@mit.edu,+351 (124) 565-4113,PO Box 40496,Houston,PT,4PP06,Portugal
Letisha,Blouet,lblouetu@squidoo.com,+1 (915) 122-6947,PO Box 25704,Houston,US,BD4D0,United States
Reynold,Garralts,rgarraltsv@indiegogo.com,+351 (732) 372-4006,9th Floor,Phoenix,PT,VH3WS,Portugal
Kristoffer,Dener,kdenerw@usa.gov,+34 (943) 765-1681,Suite 90,San Diego,ES,Y5B4A,Spain
Estrella,Duxbarry,eduxbarryx@cargocollective.com,+1 (407) 282-1317,Apt 1539,Los Angeles,US,9AH1H,United States
Lynn,Loughton,lloughtony@amazon.co.uk,+351 (374) 126-3326,Suite 47,Dallas,PT,VWEM3,Portugal
Diana,Meaton,dmeatonz@gov.uk,+351 (592) 918-3246,Room 286,Philadelphia,PT,52L5E,Portugal
Cory,Fleury,cfleury10@goodreads.com,+1 (609) 845-9298,Room 1103,San Jose,US,D7830,United States
Enid,Northwood,enorthwood11@soundcloud.com,+1 (952) 658-9640,Suite 70,Philadelphia,US,0J6FU,United States
Eddie,Crichton,ecrichton12@t-online.de,+351 (434) 111-6397,Room 1073,Philadelphia,PT,NO358,Portugal
Zacharia,Swine,zswine13@ezinearticles.com,+351 (848) 993-4258,PO Box 58212,New York,PT,Y82J2,Portugal
Tybie,Powell,tpowell14@dropbox.com,+351 (234) 847-5636,PO Box 82954,Chicago,PT,HB2V9,Portugal
Brook,Fintoph,bfintoph15@pen.io,+1 (815) 990-5911,PO Box 87818,Houston,US,WS4UY,United States
Bobbette,Cushworth,bcushworth16@ucsd.edu,+351 (311) 401-9543,Room 750,Los Angeles,PT,US61U,Portugal
Shannon,Guage,sguage17@parallels.com,+1 (319) 749-6582,Apt 318,New York,US,3V0GA,United States
Benson,De Haven,bdehaven18@slideshare.net,+351 (454) 434-5451,17th Floor,Houston,PT,625JC,Portugal
Bendick,Dougary,bdougary19@hexun.com,+1 (419) 470-2169,Room 1203,Phoenix,US,R565V,United States
Shelley,Goadbie,sgoadbie1a@mail.ru,+1 (303) 850-8412,Apt 1855,San Diego,US,6N1B4,United States
Georg,Dawkins,gdawkins1b@hud.gov,+966 (752) 978-7015,13th Floor,Los Angeles,SA,R175Z,Saudi Arabia
Liz,Kluss,lkluss1c@rambler.ru,+351 (133) 480-0635,Room 1707,Dallas,PT,I41BH,Portugal
Aurel,Seddon,aseddon1d@ezinearticles.com,+61 (649) 475-3283,Apt 641,Phoenix,AU,2P392,Australia
Ami,Marconi,amarconi1e@archive.org,+1 (571) 562-5308,Apt 1273,Dallas,US,9HH2R,United States
Lannie,Caillou,lcaillou1f@indiegogo.com,+351 (205) 479-9534,Suite 97,Philadelphia,PT,8V8Z9,Portugal
Philomena,Climance,pclimance1g@paypal.com,+351 (106) 639-6800,Suite 81,Los Angeles,PT,WSWC8,Portugal
Jerrylee,Howells,jhowells1h@ebay.co.uk,+1 (513) 855-9605,Apt 174,Philadelphia,US,4C7B2,United States
Heath,Grise,hgrise1i@list-manage.com,+591 (451) 253-6370,PO Box 56497,Chicago,BO,GT5N7,Bolivia
Susy,Alekseev,salekseev1j@un.org,+351 (125) 600-9771,Room 192,Los Angeles,PT,QVSM9,Portugal
Siegfried,Tolfrey,stolfrey1k@ezinearticles.com,+34 (905) 987-1269,PO Box 29727,San Diego,ES,7902T,Spain
Kittie,Lipprose,klipprose1l@friendfeed.com,+351 (895) 975-3857,13th Floor,Chicago,PT,9XUB5,Portugal
Forster,Mournian,fmournian1m@dyndns.org,+351 (558) 863-3817,20th Floor,Los Angeles,PT,1JN0D,Portugal
Alena,France,afrance1n@fc2.com,+351 (909) 113-1316,Suite 33,San Jose,PT,814ZP,Portugal
Burch,Louth,blouth1o@latimes.com,+1 (608) 277-6931,17th Floor,Los Angeles,US,3CRCM,United States
Genna,Olivetta,golivetta1p@guardian.co.uk,+1 (404) 578-5631,7th Floor,San Jose,US,T0PM8,United States
Meridel,Marmon,mmarmon1q@zdnet.com,+972 (431) 520-5723,Room 1501,Dallas,IL,34US7,Israel
Micky,Loines,mloines1r@marriott.com,+351 (243) 360-3328,Apt 148,Philadelphia,PT,6HKF5,Portugal
Osmund,Breddy,obreddy1s@abc.net.au,+351 (937) 393-2353,PO Box 59779,San Jose,PT,Z8I5L,Portugal
Pepe,Littlemore,plittlemore1t@cpanel.net,+1 (260) 436-6229,PO Box 47960,San Diego,US,46MNX,United States
Georas,Shepheard,gshepheard1u@bandcamp.com,+351 (810) 934-1527,1st Floor,Houston,PT,4IU5I,Portugal
Rickie,McIlwreath,rmcilwreath1v@un.org,+1 (423) 157-8569,Room 904,Los Angeles,US,3L3TG,United States
Sean,Labuschagne,slabuschagne1w@nasa.gov,+351 (820) 709-2055,Apt 113,Philadelphia,PT,536T0,Portugal
Lorianne,Briars,lbriars1x@go.com,+351 (505) 863-5510,Suite 53,San Diego,PT,76PG2,Portugal
Mandie,Follett,mfollett1y@businesswire.com,+1 (413) 270-6508,9th Floor,Los Angeles,US,EQYU6,United States
Luigi,Piburn,lpiburn1z@about.me,+1 (727) 419-8112,Apt 150,Houston,US,6G7M4,United States
Clemens,Compfort,ccompfort20@sina.com.cn,+966 (191) 121-4756,6th Floor,New York,SA,56806,Saudi Arabia
Jenna,Manwell,jmanwell21@netscape.com,+1 (484) 475-1923,Suite 76,San Antonio,US,D4OBP,United States
Tiphanie,Cottu,tcottu22@jalbum.net,+1 (937) 675-8312,Apt 1787,Phoenix,US,AW3BO,United States
Vernon,Stirzaker,vstirzaker23@ycombinator.com,+351 (361) 736-8944,Suite 31,New York,PT,18P20,Portugal
Erroll,MacDermid,emacdermid24@t.co,+1 (571) 850-1685,PO Box 68500,Philadelphia,US,2AB95,United States
Adair,Pargeter,apargeter25@4shared.com,+1 (865) 287-4066,PO Box 45205,Los Angeles,US,77QNP,United States
Maxwell,Cordsen,mcordsen26@vimeo.com,+1 (405) 415-5594,Suite 19,San Antonio,US,73X22,United States
Peadar,Haldon,phaldon27@va.gov,+61 (709) 268-8721,11th Floor,Houston,AU,V2K21,Australia
Noel,Mingotti,nmingotti28@ft.com,+1 (972) 842-0641,Apt 1945,New York,US,QS591,United States
Bogey,Logesdale,blogesdale29@ftc.gov,+351 (996) 511-9159,18th Floor,San Diego,PT,520MR,Portugal
Simon,Crittal,scrittal2a@ow.ly,+1 (602) 556-3737,Room 1557,San Jose,US,9I31J,United States
Yvette,Melsom,ymelsom2b@weibo.com,+61 (749) 636-9542,Suite 4,Chicago,AU,HGKM0,Australia
Becki,Houltham,bhoultham2c@github.io,+1 (425) 582-9795,8th Floor,Phoenix,US,IH39Y,United States
Rex,Tiplady,rtiplady2d@github.com,+1 (816) 992-0328,Apt 792,Phoenix,US,6PWJI,United States
Luella,Prentice,lprentice2e@simplemachines.org,+1 (312) 421-1387,Apt 48,Philadelphia,US,85GB1,United States
Betteann,Lukock,blukock2f@drupal.org,+351 (674) 886-7223,Suite 39,San Antonio,PT,SBF9L,Portugal
Alfi,Fiddeman,afiddeman2g@meetup.com,+1 (813) 192-1312,Room 1187,San Antonio,US,NS3M7,United States
Lane,Carse,lcarse2h@webs.com,+351 (570) 190-3487,Suite 4,Houston,PT,EZJNK,Portugal
Darbee,Tomasutti,dtomasutti2i@addtoany.com,+351 (693) 753-2634,PO Box 80338,Los Angeles,PT,Z9K8O,Portugal
Annecorinne,Brettle,abrettle2j@rakuten.co.jp,+1 (323) 379-6711,6th Floor,Houston,US,I59TT,United States
Dreddy,Tidbold,dtidbold2k@nbcnews.com,+351 (615) 978-2371,Room 1353,Houston,PT,HURRS,Portugal
Chantal,Kenryd,ckenryd2l@networksolutions.com,+351 (977) 208-5371,PO Box 30451,San Jose,PT,0JJ0Z,Portugal
Constance,Klaussen,cklaussen2m@friendfeed.com,+39 (103) 205-5471,Apt 1735,San Jose,IT,C4RMD,Italy
Izabel,Houndson,ihoundson2n@ask.com,+1 (404) 960-2074,Room 1510,Philadelphia,US,V33HB,United States
Reynard,McPartling,rmcpartling2o@rambler.ru,+1 (904) 923-0676,PO Box 61373,Houston,US,0U146,United States
Joellen,Geerling,jgeerling2p@shareasale.com,+351 (880) 735-1338,Suite 24,San Jose,PT,0JW9N,Portugal
Jacinda,Lynn,jlynn2q@seattletimes.com,+351 (927) 321-6342,Apt 41,New York,PT,0Y969,Portugal
Athene,Breakspear,abreakspear2r@jalbum.net,+1 (302) 118-9314,PO Box 98581,San Diego,US,643IS,United States
Yvette,Reek,yreek2s@shareasale.com,+351 (529) 537-9221,Apt 1009,Dallas,PT,3Z7X7,Portugal
Eliza,Leggate,eleggate2t@reuters.com,+1 (619) 155-5574,Apt 1168,Phoenix,US,L8255,United States
Mendel,Bumpus,mbumpus2u@springer.com,+1 (713) 965-0928,Apt 1574,New York,US,X638J,United States
Tedi,Mowle,tmowle2v@economist.com,+351 (578) 577-2949,PO Box 34334,Houston,PT,8FQTQ,Portugal
Carrissa,Skiplorne,cskiplorne2w@miibeian.gov.cn,+1 (907) 539-2230,Room 1382,Chicago,US,96K3M,United States
Archie,Riste,ariste2x@harvard.edu,+351 (892) 729-5944,Room 50,Los Angeles,PT,QOE73,Portugal
Stillmann,Doret,sdoret2y@patch.com,+39 (361) 217-8237,Room 496,San Diego,IT,Y0J55,Italy
Curt,Jobern,cjobern2z@vinaora.com,+351 (730) 177-1961,2nd Floor,San Jose,PT,ZW303,Portugal
Andres,Mallows,amallows30@wired.com,+351 (423) 213-5733,Room 384,New York,PT,7NZR0,Portugal
Marie-ann,Rupel,mrupel31@gnu.org,+1 (913) 192-1520,Suite 57,New York,US,O7HP0,United States
Arte,Greensite,agreensite32@illinois.edu,+1 (321) 702-5110,9th Floor,San Antonio,US,NS925,United States
Zak,Critchlow,zcritchlow33@narod.ru,+351 (944) 870-9730,Apt 200,San Diego,PT,7G251,Portugal
Joyann,Semrad,jsemrad34@salon.com,+1 (540) 912-2407,Apt 1425,San Antonio,US,OK584,United States
Kathie,Pendered,kpendered35@wunderground.com,+351 (258) 304-9918,Apt 285,San Jose,PT,68IP8,Portugal
Charis,Glowach,cglowach36@hibu.com,+351 (296) 853-4332,Room 1878,Los Angeles,PT,6BHFY,Portugal
Rozina,Crush,rcrush37@dedecms.com,+351 (837) 551-2444,Room 1011,Los Angeles,PT,7HRX4,Portugal
Ernst,Doelle,edoelle38@barnesandnoble.com,+591 (687) 160-7743,19th Floor,Phoenix,BO,4PZ88,Bolivia
Ingrim,Glaum,iglaum39@stanford.edu,+351 (825) 785-9582,Room 597,San Antonio,PT,9YQ10,Portugal
Latashia,Dunnaway,ldunnaway3a@time.com,+351 (535) 369-3523,14th Floor,Phoenix,PT,X0882,Portugal
Meara,Patzelt,mpatzelt3b@cargocollective.com,+351 (459) 642-3019,Suite 47,Chicago,PT,05C10,Portugal
Casey,Winchurch,cwinchurch3c@yelp.com,+1 (510) 722-4941,Apt 1858,Los Angeles,US,OS1UL,United States
Aggi,Outibridge,aoutibridge3d@unesco.org,+61 (216) 426-5091,Room 1795,Chicago,AU,9A97A,Australia
Krisha,Wathan,kwathan3e@mapquest.com,+591 (221) 582-4651,Room 1999,San Jose,BO,6H7OP,Bolivia
Brittani,Basillon,bbasillon3f@arizona.edu,+591 (718) 346-1050,PO Box 69376,Los Angeles,BO,60Y6S,Bolivia
Hort,Westpfel,hwestpfel3g@xrea.com,+351 (324) 731-0356,Apt 1659,San Antonio,PT,85P25,Portugal
Hobie,Artis,hartis3h@bravesites.com,+351 (364) 730-2106,Suite 60,Philadelphia,PT,VW592,Portugal
Florrie,Crosland,fcrosland3i@over-blog.com,+351 (689) 335-9599,9th Floor,Phoenix,PT,NM4Q8,Portugal
Isidro,Leimster,ileimster3j@auda.org.au,+351 (233) 460-1281,2nd Floor,Los Angeles,PT,B7D1V,Portugal
Gregor,Lavender,glavender3k@ucoz.com,+351 (508) 322-4599,Suite 36,San Diego,PT,45XZ4,Portugal
Karlotte,Huxtable,khuxtable3l@webs.com,+1 (919) 177-9279,Suite 19,New York,US,V73LM,United States
Darla,Noddle,dnoddle3m@dailymotion.com,+1 (610) 162-0730,Room 1510,Dallas,US,C7E09,United States
Diana,Stallwood,dstallwood3n@redcross.org,+351 (725) 692-1528,12th Floor,San Antonio,PT,7C019,Portugal
Michel,Calltone,mcalltone3o@thetimes.co.uk,+1 (614) 916-1037,17th Floor,San Jose,US,I459O,United States
Claudine,Bonner,cbonner3p@plala.or.jp,+351 (746) 550-7346,Apt 769,San Diego,PT,T2GF3,Portugal
Link,Frost,lfrost3q@cyberchimps.com,+1 (818) 101-4967,Suite 63,New York,US,KW55W,United States
Bondon,Peniman,bpeniman3r@infoseek.co.jp,+39 (564) 865-6944,Apt 1563,San Jose,IT,001D7,Italy
Renae,Jupe,rjupe3s@hubpages.com,+1 (859) 539-3589,Apt 61,Philadelphia,US,9X3L0,United States
Selma,Dowell,sdowell3t@twitpic.com,+351 (209) 861-9616,Apt 110,New York,PT,S8ZQ4,Portugal
Fifi,Taggart,ftaggart3u@jiathis.com,+351 (346) 150-5270,PO Box 65749,San Diego,PT,507C9,Portugal
Claudianus,Forlong,cforlong3v@github.io,+351 (185) 347-5377,Suite 95,Dallas,PT,0CG22,Portugal
Tracie,Hischke,thischke3w@imageshack.us,+351 (735) 840-5507,Room 1104,San Diego,PT,Y1W68,Portugal
Xever,Quincey,xquincey3x@livejournal.com,+1 (212) 999-5094,Suite 48,Chicago,US,1U2GQ,United States
Gill,McPhee,gmcphee3y@bluehost.com,+1 (763) 710-9916,Suite 24,San Diego,US,3S30A,United States
Phillipe,Paulsson,ppaulsson3z@macromedia.com,+351 (240) 909-6399,Room 1016,Phoenix,PT,9UQ3B,Portugal
Lind,Conibere,lconibere40@behance.net,+591 (908) 572-9588,Suite 37,Chicago,BO,4L044,Bolivia
Betteanne,Mouncey,bmouncey41@theatlantic.com,+39 (289) 250-2967,Apt 896,Dallas,IT,TAL99,Italy
Cosimo,Jannings,cjannings42@miibeian.gov.cn,+351 (367) 145-1337,Room 481,Houston,PT,02UT3,Portugal
Wandis,Grishankov,wgrishankov43@mail.ru,+351 (538) 486-8895,PO Box 61586,San Antonio,PT,MB630,Portugal
Avril,Rowsell,arowsell44@nymag.com,+351 (224) 294-7769,Suite 74,San Jose,PT,ZJWY2,Portugal
Desmund,Crebo,dcrebo45@blogger.com,+351 (197) 557-0787,Room 403,Philadelphia,PT,J9TJP,Portugal
Siward,Donisi,sdonisi46@diigo.com,+1 (305) 459-8128,12th Floor,New York,US,4AP3J,United States
Weidar,Barendtsen,wbarendtsen47@harvard.edu,+1 (336) 265-0784,PO Box 90559,Philadelphia,US,13HQ1,United States
Torrie,Hoolaghan,thoolaghan48@mediafire.com,+1 (313) 270-1701,10th Floor,Los Angeles,US,SD0CL,United States
Allen,Coolbear,acoolbear49@hp.com,+1 (832) 139-9652,PO Box 75732,Phoenix,US,9D7D1,United States
Agretha,Manders,amanders4a@google.cn,+351 (381) 760-7665,Suite 36,San Jose,PT,4CR9Y,Portugal
Kellie,Perree,kperree4b@washington.edu,+1 (253) 381-3934,Apt 1079,Los Angeles,US,T5J8O,United States
Richy,Brunet,rbrunet4c@cyberchimps.com,+34 (761) 667-5344,Suite 84,Los Angeles,ES,D601G,Spain
Barrie,Potebury,bpotebury4d@aol.com,+351 (276) 346-9901,Suite 40,Dallas,PT,77387,Portugal
Kin,Hummerston,khummerston4e@ed.gov,+1 (415) 962-5817,Apt 721,Chicago,US,R7M42,United States
Laney,Skaid,lskaid4f@eventbrite.com,+351 (648) 216-1992,PO Box 82547,Dallas,PT,7H3GT,Portugal
Antonietta,Bellhanger,abellhanger4g@google.es,+351 (603) 902-9981,Apt 1313,New York,PT,5E7F2,Portugal
Herschel,Strickett,hstrickett4h@webs.com,+1 (626) 860-9123,Room 594,Dallas,US,2J11D,United States
Rodrigo,de Courcy,rdecourcy4i@apache.org,+351 (571) 788-2732,Suite 79,San Jose,PT,5ABVT,Portugal
Alec,Frogley,afrogley4j@wikispaces.com,+966 (673) 335-7245,PO Box 55423,New York,SA,49Y35,Saudi Arabia
Myriam,Cawthry,mcawthry4k@youtu.be,+1 (973) 564-5223,Apt 1041,Phoenix,US,8986I,United States
Kaitlynn,Maunsell,kmaunsell4l@live.com,+1 (505) 123-5485,16th Floor,Houston,US,48C99,United States
Dar,Quene,dquene4m@japanpost.jp,+1 (203) 389-1878,Suite 44,Los Angeles,US,7N5R7,United States
Esther,Mattis,emattis4n@symantec.com,+1 (262) 558-7387,Suite 13,Dallas,US,F0TXX,United States
Geoffrey,Vince,gvince4o@sciencedirect.com,+1 (949) 527-8197,4th Floor,San Antonio,US,0C12D,United States
Hendrik,Ricciardiello,hricciardiello4p@oracle.com,+351 (327) 593-1374,PO Box 20760,San Jose,PT,RN0PU,Portugal
Franzen,Boulter,fboulter4q@privacy.gov.au,+351 (804) 943-6411,Apt 1838,Philadelphia,PT,Z8NQ5,Portugal
Genna,Folke,gfolke4r@cocolog-nifty.com,+34 (917) 345-8695,17th Floor,Dallas,ES,U7F32,Spain
Sigismundo,O'Currigan,socurrigan4s@constantcontact.com,+1 (512) 340-3532,18th Floor,Dallas,US,B27BR,United States
Dixie,Trower,dtrower4t@slashdot.org,+351 (858) 159-5680,Room 533,Houston,PT,RVT73,Portugal
Zebulon,Sullens,zsullens4u@vinaora.com,+1 (228) 471-0399,Apt 538,Philadelphia,US,099U8,United States
Christen,Buckland,cbuckland4v@fda.gov,+351 (787) 858-1476,Suite 33,Los Angeles,PT,368IM,Portugal
Carin,MacRanald,cmacranald4w@wunderground.com,+1 (202) 450-4165,PO Box 50441,Chicago,US,78UPO,United States
Kendrick,Brimson,kbrimson4x@dell.com,+351 (844) 743-7778,13th Floor,Houston,PT,R790S,Portugal
Lewes,Stockhill,lstockhill4y@telegraph.co.uk,+34 (267) 419-1407,Room 222,New York,ES,0D3L7,Spain
Boycie,Guard,bguard4z@jimdo.com,+1 (317) 735-5145,PO Box 66664,San Antonio,US,9A78Z,United States
Junia,Kusick,jkusick50@drupal.org,+1 (904) 987-8723,12th Floor,Los Angeles,US,8P7O2,United States
Pris,Eslie,peslie51@engadget.com,+351 (425) 571-5908,Apt 1688,San Diego,PT,8VDI8,Portugal
Lavena,Cantu,lcantu52@bloglines.com,+591 (805) 561-5466,1st Floor,Phoenix,BO,30V44,Bolivia
Ardeen,Packer,apacker53@vkontakte.ru,+351 (584) 590-8031,17th Floor,Phoenix,PT,KQ9D2,Portugal
Caressa,Mackneis,cmackneis54@dailymotion.com,+351 (880) 487-1023,Apt 1817,Dallas,PT,VTJ07,Portugal
Danell,Cardello,dcardello55@edublogs.org,+1 (360) 322-2083,Room 574,San Antonio,US,8OL39,United States
Chiarra,Beamand,cbeamand56@51.la,+34 (188) 292-5270,Room 767,Dallas,ES,6G5O3,Spain
Gaynor,Belk,gbelk57@foxnews.com,+1 (702) 992-3708,PO Box 88676,San Antonio,US,AN710,United States
Merry,Ambrosoni,mambrosoni58@digg.com,+1 (302) 683-1571,PO Box 60242,Los Angeles,US,CA4QC,United States
Dianne,Torrecilla,dtorrecilla59@usatoday.com,+1 (214) 516-8413,7th Floor,Chicago,US,0TX25,United States
Tome,Nisbith,tnisbith5a@cdc.gov,+351 (845) 440-0144,PO Box 28525,San Jose,PT,0IV1G,Portugal
Everett,Ruggiero,eruggiero5b@dailymotion.com,+351 (427) 119-8061,Suite 51,San Jose,PT,CI3Z8,Portugal
Tomasine,Spowage,tspowage5c@un.org,+1 (601) 189-1317,Suite 62,San Diego,US,V5W0Q,United States
Maren,Ghost,mghost5d@redcross.org,+351 (819) 848-9410,Apt 688,New York,PT,H7JV2,Portugal
Ursala,Howship,uhowship5e@woothemes.com,+39 (711) 492-5076,Suite 50,Los Angeles,IT,724Z8,Italy
Catlaina,Offiler,coffiler5f@state.tx.us,+966 (300) 502-6598,Apt 1831,Houston,SA,5Q8GE,Saudi Arabia
Burl,Quinnelly,bquinnelly5g@hibu.com,+351 (148) 129-6825,PO Box 49710,Phoenix,PT,TCCMR,Portugal
Gustie,Sedgeworth,gsedgeworth5h@virginia.edu,+1 (305) 644-2256,Suite 19,San Antonio,US,50C0X,United States
Lissa,Croall,lcroall5i@simplemachines.org,+1 (202) 930-2503,Suite 41,Philadelphia,US,U09J9,United States
Miguela,Haysham,mhaysham5j@foxnews.com,+351 (266) 104-2661,Room 782,Houston,PT,27X43,Portugal
Jamill,Turfin,jturfin5k@altervista.org,+351 (960) 102-0918,PO Box 17000,New York,PT,A0LD6,Portugal
Mike,Maseyk,mmaseyk5l@ovh.net,+351 (547) 457-0163,Room 1140,Philadelphia,PT,SACQP,Portugal
Mary,Greenrodd,mgreenrodd5m@feedburner.com,+1 (330) 763-8836,Room 944,San Diego,US,7UF7G,United States
Sherry,Mc Grath,smcgrath5n@constantcontact.com,+351 (897) 102-1390,Apt 1789,New York,PT,0K873,Portugal
Munmro,Sprott,msprott5o@answers.com,+351 (277) 126-0245,PO Box 48852,Dallas,PT,J2BAE,Portugal
Livvie,Benedicto,lbenedicto5p@alexa.com,+39 (730) 237-7803,16th Floor,Chicago,IT,YDB9V,Italy
Elsa,Poltone,epoltone5q@oakley.com,+351 (428) 267-9780,Apt 1447,Houston,PT,71V19,Portugal
Sharlene,Bodsworth,sbodsworth5r@msn.com,+351 (297) 494-5649,Apt 1838,San Diego,PT,9E2D8,Portugal
Gardy,Milam,gmilam5s@usa.gov,+351 (978) 265-4362,PO Box 82989,Los Angeles,PT,8NS6H,Portugal
D'arcy,Wightman,dwightman5t@webmd.com,+34 (875) 576-1388,5th Floor,Houston,ES,640WD,Spain
Sherwynd,McGeechan,smcgeechan5u@storify.com,+1 (612) 422-9505,Apt 1906,Phoenix,US,CVQ13,United States
Elfrieda,Paddemore,epaddemore5v@plala.or.jp,+39 (442) 460-4756,Room 609,Houston,IT,178T4,Italy
Katey,Stredder,kstredder5w@ed.gov,+351 (494) 145-5622,Apt 964,Los Angeles,PT,KTOVS,Portugal
Sibella,Barbey,sbarbey5x@shareasale.com,+351 (591) 402-8712,Apt 340,Dallas,PT,58BZQ,Portugal
Renault,Pesselt,rpesselt5y@cornell.edu,+1 (202) 493-2542,Suite 25,Phoenix,US,8H496,United States
Flin,Salsbury,fsalsbury5z@cdc.gov,+351 (350) 743-9314,Apt 837,San Jose,PT,11A0I,Portugal
Bryana,Blodgett,bblodgett60@prnewswire.com,+591 (185) 212-8433,PO Box 3063,Phoenix,BO,268M8,Bolivia
Granville,O'Hagan,gohagan61@vkontakte.ru,+44 (199) 473-4256,Apt 1260,Philadelphia,GB,7J8CE,United Kingdom
Hogan,Kirstein,hkirstein62@engadget.com,+351 (500) 137-5370,PO Box 96570,New York,PT,4899V,Portugal
Deane,Crop,dcrop63@imgur.com,+1 (202) 316-6381,10th Floor,San Jose,US,IA264,United States
Dee dee,Jendrassik,djendrassik64@google.cn,+44 (269) 263-8361,Suite 47,Dallas,GB,FK2SN,United Kingdom
Carolan,Zorzenoni,czorzenoni65@theglobeandmail.com,+1 (605) 965-2201,6th Floor,New York,US,3TKJ9,United States
Roana,Yakunkin,ryakunkin66@springer.com,+1 (505) 302-8185,Suite 88,Phoenix,US,JJQGQ,United States
Maurie,Kulic,mkulic67@phoca.cz,+351 (788) 240-2552,15th Floor,Los Angeles,PT,1FZVZ,Portugal
Bili,McElvogue,bmcelvogue68@trellian.com,+1 (972) 746-2295,PO Box 84498,Chicago,US,L4IH4,United States
Jules,Dumper,jdumper69@buzzfeed.com,+1 (559) 610-2664,Suite 10,Phoenix,US,0NA02,United States
Fernandina,Alsop,falsop6a@hp.com,+351 (466) 151-5924,4th Floor,Phoenix,PT,LVRU7,Portugal
Lark,Waeland,lwaeland6b@sfgate.com,+351 (206) 869-1844,15th Floor,New York,PT,9W22S,Portugal
Katrinka,MacCracken,kmaccracken6c@ocn.ne.jp,+1 (504) 954-6361,PO Box 82417,San Jose,US,182W7,United States
Vlad,Thome,vthome6d@patch.com,+1 (217) 177-0871,18th Floor,San Jose,US,TO776,United States
Mathew,De Ruel,mderuel6e@acquirethisname.com,+351 (296) 579-9147,Room 199,New York,PT,UXGR6,Portugal
Joana,Gather,jgather6f@1688.com,+1 (321) 940-3510,Apt 1436,Houston,US,38Z57,United States
Sidoney,Boath,sboath6g@latimes.com,+351 (500) 872-5545,Apt 1454,San Antonio,PT,3Y6SY,Portugal
Delcine,Coppeard,dcoppeard6h@ucsd.edu,+351 (794) 156-4250,Room 892,Chicago,PT,Q8200,Portugal
Jock,Baish,jbaish6i@yale.edu,+1 (806) 860-1703,Room 298,Chicago,US,5RG9X,United States
Nevil,Perschke,nperschke6j@mac.com,+351 (787) 839-2039,13th Floor,Dallas,PT,I541J,Portugal
Betteanne,Masic,bmasic6k@simplemachines.org,+351 (212) 121-1890,18th Floor,Philadelphia,PT,UX5Q6,Portugal
Olly,Ainscow,oainscow6l@free.fr,+1 (816) 431-4483,Suite 57,San Antonio,US,S72LG,United States
Philip,Alcock,palcock6m@usa.gov,+351 (451) 118-9542,16th Floor,Houston,PT,OKHRT,Portugal
Orel,Alchin,oalchin6n@feedburner.com,+351 (572) 162-9077,Suite 20,San Jose,PT,K09C3,Portugal
Joni,Asplen,jasplen6o@about.com,+1 (713) 589-7428,Apt 1678,Houston,US,1426W,United States
Cordi,Walcher,cwalcher6p@archive.org,+1 (313) 719-6847,Apt 1465,Phoenix,US,8A4CK,United States
Beatrice,Blade,bblade6q@vkontakte.ru,+1 (757) 298-2133,Suite 13,New York,US,76I06,United States
Ferdinande,Poon,fpoon6r@geocities.jp,+351 (528) 985-4674,18th Floor,Philadelphia,PT,NHR76,Portugal
Mabelle,Leasor,mleasor6s@nps.gov,+351 (960) 858-5692,Apt 568,San Jose,PT,5Q3RI,Portugal
Jonah,Hamman,jhamman6t@springer.com,+1 (210) 584-3602,Suite 34,San Diego,US,54743,United States
Northrup,Gingell,ngingell6u@tamu.edu,+1 (702) 247-2959,17th Floor,Houston,US,5544W,United States
Shanon,Lerer,slerer6v@jalbum.net,+351 (477) 263-5812,PO Box 11001,San Jose,PT,IMX5S,Portugal
Eziechiele,Izatt,eizatt6w@eepurl.com,+351 (990) 766-8726,6th Floor,Los Angeles,PT,1D047,Portugal
Ailina,Romeril,aromeril6x@newyorker.com,+351 (658) 112-5308,Room 286,New York,PT,CEHC8,Portugal
Kirk,Konke,kkonke6y@psu.edu,+1 (386) 624-1765,Room 1453,Chicago,US,357G2,United States
Mattias,Sutworth,msutworth6z@fema.gov,+351 (596) 131-4785,Suite 21,Philadelphia,PT,WL18R,Portugal
Micaela,Dennington,mdennington70@gnu.org,+972 (209) 170-1737,Room 873,Philadelphia,IL,62716,Israel
Nathanael,Threadgould,nthreadgould71@sciencedirect.com,+1 (405) 152-9893,Room 1431,San Jose,US,G51SW,United States
Brita,Peake,bpeake72@php.net,+351 (253) 953-6176,Suite 89,Houston,PT,78PXL,Portugal
Clovis,De Michele,cdemichele73@about.me,+972 (377) 969-7007,PO Box 84601,Philadelphia,IL,P8MNU,Israel
Pooh,Seldner,pseldner74@hatena.ne.jp,+1 (817) 377-9502,Apt 12,Phoenix,US,2MEB9,United States
Evaleen,Copyn,ecopyn75@ox.ac.uk,+351 (550) 678-4610,7th Floor,Houston,PT,BEB15,Portugal
Doralia,Fridd,dfridd76@webmd.com,+351 (757) 948-0942,Suite 71,San Jose,PT,99I7M,Portugal
Cindy,Anthoin,canthoin77@intel.com,+351 (150) 828-2192,Suite 44,Dallas,PT,A9P98,Portugal
Radcliffe,Bednell,rbednell78@macromedia.com,+351 (776) 178-3658,Room 481,San Jose,PT,HJ7N0,Portugal
Hadleigh,Hundey,hhundey79@1688.com,+351 (406) 812-8188,5th Floor,New York,PT,2473G,Portugal
Lilian,Daniellot,ldaniellot7a@youtube.com,+351 (200) 886-3828,Apt 1682,Phoenix,PT,2S9BS,Portugal
Redd,Exton,rexton7b@rediff.com,+1 (304) 913-9800,Suite 100,San Jose,US,TCO99,United States
Leoine,Ebertz,lebertz7c@ft.com,+351 (977) 454-8775,Apt 570,New York,PT,696YI,Portugal
Aubine,Mangeney,amangeney7d@usatoday.com,+1 (210) 893-5877,Apt 299,New York,US,4C343,United States
Ann,McNeillie,amcneillie7e@tmall.com,+972 (913) 948-0171,Suite 91,Phoenix,IL,96190,Israel
Alessandra,Edes,aedes7f@intel.com,+351 (611) 749-0233,Apt 1438,Dallas,PT,WK158,Portugal
Chad,Zoellner,czoellner7g@unblog.fr,+351 (258) 391-6639,5th Floor,Los Angeles,PT,RR137,Portugal
Jermayne,Olivello,jolivello7h@goo.gl,+351 (854) 486-9942,3rd Floor,New York,PT,M57G0,Portugal
Koralle,Harriskine,kharriskine7i@elpais.com,+351 (723) 907-7083,Apt 774,San Diego,PT,D554L,Portugal
Malcolm,Tavener,mtavener7j@utexas.edu,+351 (948) 853-6296,Suite 11,Chicago,PT,UR8IX,Portugal
Hartwell,Sudell,hsudell7k@people.com.cn,+351 (343) 301-5316,9th Floor,Houston,PT,A743A,Portugal
Wenda,Normandale,wnormandale7l@dedecms.com,+1 (310) 883-3633,PO Box 76240,Chicago,US,GEPEZ,United States
Nathanial,Wigfall,nwigfall7m@blogspot.com,+34 (295) 519-9598,Apt 200,New York,ES,0WSY8,Spain
Mathias,Upcott,mupcott7n@surveymonkey.com,+966 (415) 713-3611,Apt 1217,San Jose,SA,EADKL,Saudi Arabia
Nappy,Bampton,nbampton7o@weebly.com,+351 (551) 702-1058,Apt 1540,San Diego,PT,82QII,Portugal
Kenton,Prowting,kprowting7p@dailymotion.com,+1 (281) 391-6941,Apt 89,Houston,US,U8F71,United States
Francisco,Fateley,ffateley7q@yahoo.com,+351 (387) 566-8844,17th Floor,New York,PT,CBSTY,Portugal
Suki,Hambridge,shambridge7r@chron.com,+1 (540) 525-7742,PO Box 14410,San Antonio,US,7TMHH,United States
Jesse,Scamerden,jscamerden7s@nasa.gov,+61 (197) 747-5352,PO Box 11701,Phoenix,AU,ENRZS,Australia
Theresa,Coey,tcoey7t@scientificamerican.com,+1 (775) 867-8599,Suite 6,New York,US,IWNX5,United States
Zondra,Geddis,zgeddis7u@liveinternet.ru,+351 (893) 725-3827,18th Floor,New York,PT,SS2W9,Portugal
Valera,Gawkroge,vgawkroge7v@geocities.jp,+351 (503) 985-3129,Apt 1809,Chicago,PT,YO30G,Portugal
Bernardina,Bartalini,bbartalini7w@exblog.jp,+1 (330) 774-1235,Room 407,Philadelphia,US,605CI,United States
Alida,Gennerich,agennerich7x@wikipedia.org,+1 (910) 841-0624,PO Box 66342,Philadelphia,US,2QD64,United States
Nealy,Orbell,norbell7y@accuweather.com,+61 (553) 602-7776,11th Floor,Phoenix,AU,T41VE,Australia
Jeanelle,Sollis,jsollis7z@hud.gov,+39 (939) 831-1581,2nd Floor,Phoenix,IT,UY498,Italy
Lee,McLuckie,lmcluckie80@europa.eu,+44 (482) 723-0273,Apt 817,Houston,GB,J1FU8,United Kingdom
Vale,Serrels,vserrels81@cloudflare.com,+1 (913) 531-8386,Apt 491,Chicago,US,5IM4A,United States
Bogey,Craufurd,bcraufurd82@dailymotion.com,+44 (117) 420-3636,PO Box 57307,Philadelphia,GB,WF117,United Kingdom
Fara,O'Deoran,fodeoran83@issuu.com,+1 (913) 371-4402,Apt 1994,Los Angeles,US,ZB2C2,United States
Joni,Tuer,jtuer84@amazon.co.uk,+1 (513) 111-5500,18th Floor,Philadelphia,US,S6112,United States
Randy,Headey,rheadey85@angelfire.com,+34 (176) 394-9125,7th Floor,Chicago,ES,218UA,Spain
Alfreda,MacKimm,amackimm86@twitpic.com,+351 (810) 926-1419,11th Floor,Dallas,PT,B7VZE,Portugal
Cly,Kerley,ckerley87@ning.com,+351 (459) 699-8146,Room 1012,Philadelphia,PT,EBPFE,Portugal
Bamby,Paulot,bpaulot88@about.com,+351 (794) 932-7905,10th Floor,Chicago,PT,515IQ,Portugal
Slade,Zumbusch,szumbusch89@github.com,+1 (561) 226-6246,Suite 50,Houston,US,Q03P6,United States
Mandie,Mullineux,mmullineux8a@imgur.com,+39 (279) 960-5371,Apt 1848,Philadelphia,IT,899S9,Italy
Idalina,Scandrite,iscandrite8b@hp.com,+1 (913) 476-7267,PO Box 15648,Dallas,US,P3MX1,United States
Cleve,Avramovich,cavramovich8c@army.mil,+972 (308) 322-1527,9th Floor,Philadelphia,IL,9FFIQ,Israel
Stephenie,Pizer,spizer8d@google.com.au,+1 (213) 774-0301,PO Box 46478,New York,US,73V12,United States
Clevie,Daintrey,cdaintrey8e@tinyurl.com,+351 (394) 308-3680,Suite 36,San Antonio,PT,0OEBX,Portugal
Annette,Ryley,aryley8f@gravatar.com,+351 (770) 509-7834,Apt 1647,San Antonio,PT,P63CU,Portugal
Hendrick,Vasyutin,hvasyutin8g@state.gov,+1 (805) 381-8564,PO Box 96443,Chicago,US,M2999,United States
Clare,Van Salzberger,cvansalzberger8h@soup.io,+351 (254) 507-3113,PO Box 79033,San Jose,PT,65SWQ,Portugal
Cchaddie,Hove,chove8i@cmu.edu,+1 (704) 141-3918,PO Box 32900,Dallas,US,KN9OR,United States
Rene,Manssuer,rmanssuer8j@redcross.org,+351 (331) 687-8327,Apt 1384,Dallas,PT,3PBH6,Portugal
Dorie,Tregian,dtregian8k@digg.com,+351 (486) 308-7256,Room 1493,Philadelphia,PT,E6KKK,Portugal
Adoree,Issatt,aissatt8l@utexas.edu,+1 (412) 419-4696,Room 604,New York,US,M510Z,United States
Linda,Tyer,ltyer8m@nymag.com,+1 (616) 165-4911,PO Box 91087,Phoenix,US,0KH53,United States
Bernadene,Hance,bhance8n@stanford.edu,+1 (214) 626-7206,PO Box 35488,San Antonio,US,96UM1,United States
Harri,Dash,hdash8o@gmpg.org,+1 (202) 451-4329,3rd Floor,Chicago,US,T70K6,United States
Hilary,Lappin,hlappin8p@drupal.org,+351 (979) 334-5658,Suite 13,San Jose,PT,QM977,Portugal
Cam,Mc Faul,cmcfaul8q@opera.com,+1 (501) 695-9347,Apt 503,San Diego,US,17GIC,United States
Nannette,Roze,nroze8r@quantcast.com,+351 (781) 613-5442,PO Box 68495,Philadelphia,PT,73YAF,Portugal
Menard,Weld,mweld8s@fc2.com,+972 (593) 152-7433,Room 1613,Houston,IL,8NPJ8,Israel
Jody,Mulchrone,jmulchrone8t@symantec.com,+44 (469) 819-0983,Room 155,Philadelphia,GB,5H8B5,United Kingdom
Duffie,Peniman,dpeniman8u@squidoo.com,+351 (727) 358-7112,Room 774,New York,PT,7Y5OV,Portugal
Armando,Despenser,adespenser8v@dyndns.org,+351 (304) 541-2901,PO Box 95525,San Diego,PT,I7090,Portugal
Laurianne,McKevin,lmckevin8w@over-blog.com,+1 (941) 299-0427,17th Floor,Los Angeles,US,USWHQ,United States
Donall,Fishbourne,dfishbourne8x@i2i.jp,+351 (117) 235-5831,3rd Floor,Dallas,PT,1X7N6,Portugal
Berkley,Insworth,binsworth8y@yahoo.co.jp,+1 (405) 203-5423,Apt 919,Phoenix,US,G92S5,United States
Birgitta,Gatehouse,bgatehouse8z@huffingtonpost.com,+351 (677) 904-4731,Room 1579,Dallas,PT,221V7,Portugal
Pier,Poskitt,pposkitt90@privacy.gov.au,+351 (645) 320-2735,Room 1749,Los Angeles,PT,B9VB2,Portugal
Cly,Errigo,cerrigo91@usa.gov,+972 (929) 258-6448,Apt 1956,San Diego,IL,3S8JS,Israel
Ashly,Jacomb,ajacomb92@storify.com,+351 (512) 422-3827,Room 508,New York,PT,9GXC3,Portugal
Skipton,Winckle,swinckle93@xinhuanet.com,+351 (566) 161-8799,Suite 69,Los Angeles,PT,NIP8N,Portugal
Saloma,Ecob,secob94@usgs.gov,+351 (953) 662-9443,Room 1328,San Jose,PT,42HO5,Portugal
Tiena,Iacovides,tiacovides95@buzzfeed.com,+1 (361) 359-9175,Room 1602,Dallas,US,O7EN9,United States
Friedrich,Jira,fjira96@newyorker.com,+351 (337) 877-1946,PO Box 12546,Phoenix,PT,AF3P9,Portugal
Kariotta,Moorfield,kmoorfield97@seattletimes.com,+1 (602) 165-1188,8th Floor,Phoenix,US,T31S4,United States
Nora,Gergus,ngergus98@utexas.edu,+351 (101) 849-7092,Suite 89,Chicago,PT,CE803,Portugal
Yance,Blowick,yblowick99@theatlantic.com,+351 (910) 988-7745,1st Floor,New York,PT,O6E05,Portugal
Sutton,Rylatt,srylatt9a@ucsd.edu,+1 (404) 566-3466,PO Box 66270,San Diego,US,X1RC1,United States
Zackariah,Biers,zbiers9b@over-blog.com,+351 (227) 251-8842,Apt 1811,Phoenix,PT,ED4ES,Portugal
Daveta,Broe,dbroe9c@creativecommons.org,+39 (205) 228-9640,PO Box 45127,San Antonio,IT,U756Z,Italy
Grantley,Ladbrook,gladbrook9d@flavors.me,+351 (121) 203-6851,5th Floor,New York,PT,Y2VZI,Portugal
Cletis,Meadus,cmeadus9e@dropbox.com,+351 (549) 289-8460,Room 1241,Houston,PT,0C614,Portugal
Myra,Cornilli,mcornilli9f@xing.com,+591 (533) 534-0538,Room 1689,Chicago,BO,53LN5,Bolivia
Jackelyn,Hanbury-Brown,jhanburybrown9g@go.com,+1 (865) 774-9102,Room 338,Houston,US,J052S,United States
Jeramie,Simakov,jsimakov9h@vistaprint.com,+351 (276) 592-8304,Suite 67,San Jose,PT,7CQS7,Portugal
Winne,Bonas,wbonas9i@last.fm,+34 (129) 697-8862,Suite 68,Houston,ES,S20B0,Spain
Reyna,Avesque,ravesque9j@europa.eu,+351 (782) 918-1117,Room 571,Phoenix,PT,XX8M2,Portugal
Clifford,Fermer,cfermer9k@thetimes.co.uk,+1 (617) 606-9670,PO Box 6914,Chicago,US,HENJ8,United States
Laurette,Ikins,likins9l@imdb.com,+591 (601) 189-2123,Apt 621,San Antonio,BO,2W85E,Bolivia
Jaquelin,Filasov,jfilasov9m@facebook.com,+351 (163) 792-8960,15th Floor,Houston,PT,24AQ6,Portugal
Ashby,Galia,agalia9n@china.com.cn,+351 (824) 855-5812,PO Box 61356,New York,PT,X4FN2,Portugal
Jessie,Toderbrugge,jtoderbrugge9o@upenn.edu,+1 (319) 236-0725,18th Floor,Los Angeles,US,9KIQS,United States
Moses,Lepick,mlepick9p@hp.com,+34 (635) 297-1877,Suite 71,Phoenix,ES,2VPIU,Spain
Tabor,MacAndie,tmacandie9q@prnewswire.com,+351 (973) 713-8980,PO Box 59194,Houston,PT,ULT3R,Portugal
Katrinka,Pidler,kpidler9r@nps.gov,+351 (328) 943-6132,PO Box 58220,San Diego,PT,K64UF,Portugal
Burton,Christophe,bchristophe9s@e-recht24.de,+591 (463) 517-5158,Apt 1022,Phoenix,BO,9LFW5,Bolivia
Gordie,Yu,gyu9t@about.com,+1 (480) 496-8344,Apt 1090,Chicago,US,U017X,United States
Alexei,Farquharson,afarquharson9u@flickr.com,+1 (214) 269-5940,Room 536,Dallas,US,HZ39A,United States
Sacha,Michele,smichele9v@mashable.com,+351 (542) 663-1422,PO Box 76574,Los Angeles,PT,97583,Portugal
Aileen,O'Dea,aodea9w@yandex.ru,+351 (811) 776-6002,PO Box 60351,New York,PT,WM612,Portugal
Nerissa,Runcie,nruncie9x@nature.com,+351 (546) 196-3561,Suite 86,New York,PT,LC91U,Portugal
Brendis,Coonan,bcoonan9y@blogspot.com,+351 (798) 682-9592,Room 383,Los Angeles,PT,FE8S8,Portugal
Rosalind,Passo,rpasso9z@ca.gov,+351 (669) 944-7415,PO Box 82537,San Diego,PT,ESEKM,Portugal
Lory,Beddis,lbeddisa0@taobao.com,+351 (939) 422-3188,Room 391,Houston,PT,53G9D,Portugal
Anatollo,Arckoll,aarckolla1@disqus.com,+351 (924) 216-9749,PO Box 83863,Chicago,PT,494SQ,Portugal
Chrisy,Palle,cpallea2@prlog.org,+1 (803) 824-4814,Apt 1477,Chicago,US,TL66I,United States
Harmony,Torel,htorela3@bandcamp.com,+351 (282) 435-6935,PO Box 67839,Houston,PT,92W80,Portugal
Alvie,Chidzoy,achidzoya4@g.co,+351 (304) 659-5663,PO Box 49471,Chicago,PT,3GCUA,Portugal
Wendy,Leamy,wleamya5@tinyurl.com,+351 (107) 959-6106,10th Floor,San Jose,PT,V3SZV,Portugal
Skipp,Everingham,severinghama6@newyorker.com,+351 (140) 182-9681,Suite 13,San Antonio,PT,8P0BJ,Portugal
Myra,Sprionghall,msprionghalla7@friendfeed.com,+1 (916) 895-8969,Apt 1465,Los Angeles,US,TG959,United States
Angelique,Mannock,amannocka8@soup.io,+351 (203) 539-7431,Room 456,San Diego,PT,47W8L,Portugal
Gretal,Malkinson,gmalkinsona9@list-manage.com,+1 (305) 487-7431,17th Floor,Phoenix,US,F6365,United States
Ulises,Dimitru,udimitruaa@yellowbook.com,+351 (101) 662-5960,Apt 88,New York,PT,1354G,Portugal
Paxon,Jandak,pjandakab@macromedia.com,+1 (347) 987-7043,Suite 50,Los Angeles,US,3JK4L,United States
Findlay,Hessenthaler,fhessenthalerac@livejournal.com,+351 (389) 844-4307,Apt 515,Los Angeles,PT,2A369,Portugal
Brianne,MacGruer,bmacgruerad@dell.com,+351 (256) 225-1447,PO Box 69073,San Diego,PT,NXUAL,Portugal
Ronny,Champneys,rchampneysae@examiner.com,+351 (439) 825-7884,Suite 97,Los Angeles,PT,NMDV2,Portugal
Licha,Gahan,lgahanaf@bravesites.com,+351 (336) 354-0411,9th Floor,Los Angeles,PT,H08K3,Portugal
Jill,Traise,jtraiseag@t.co,+351 (721) 749-8306,PO Box 91020,San Diego,PT,C7T26,Portugal
Leah,Cattle,lcattleah@who.int,+351 (927) 873-0597,PO Box 25147,New York,PT,8Z9Z5,Portugal
Georgianne,Sutlieff,gsutlieffai@samsung.com,+966 (656) 295-1633,Room 1219,San Diego,SA,M9757,Saudi Arabia
Elle,Stanyard,estanyardaj@yelp.com,+351 (220) 785-6428,Apt 1738,New York,PT,U628V,Portugal
Rebecca,Leyson,rleysonak@hud.gov,+351 (697) 700-8559,Suite 68,Los Angeles,PT,DXJBJ,Portugal
Asa,Gabitis,agabitisal@constantcontact.com,+351 (971) 274-4882,Apt 837,San Jose,PT,BHCWU,Portugal
Rita,Penella,rpenellaam@mlb.com,+1 (913) 116-6659,8th Floor,Houston,US,HV3RD,United States
Gabriello,St Quenin,gstqueninan@yellowbook.com,+1 (703) 394-5583,14th Floor,Philadelphia,US,GAF29,United States
Leta,Waters,lwatersao@123-reg.co.uk,+1 (559) 379-6884,PO Box 22482,San Jose,US,H2M1E,United States
Pennie,Rylands,prylandsap@geocities.jp,+351 (216) 404-8528,Room 325,San Diego,PT,FX3G1,Portugal
Saba,Smaling,ssmalingaq@opensource.org,+351 (348) 933-0703,Suite 41,Philadelphia,PT,836Q3,Portugal
Claudell,Assaf,cassafar@spotify.com,+1 (513) 778-0241,Apt 1753,Philadelphia,US,723P1,United States
Selestina,Cringle,scringleas@telegraph.co.uk,+61 (394) 457-6989,Room 1091,San Antonio,AU,XMDUT,Australia
Petra,Fieldstone,pfieldstoneat@sohu.com,+351 (785) 598-8192,15th Floor,San Jose,PT,87T5H,Portugal
Juline,O'Feeny,jofeenyau@state.gov,+351 (633) 635-4330,11th Floor,Houston,PT,27HVG,Portugal
Melisse,Skitteral,mskitteralav@businessweek.com,+351 (854) 705-1202,PO Box 34930,New York,PT,780AY,Portugal
Thorpe,Saladino,tsaladinoaw@businessweek.com,+351 (226) 567-3675,PO Box 56673,Phoenix,PT,3SF3B,Portugal
Lorain,Baile,lbaileax@si.edu,+351 (251) 872-5919,1st Floor,San Diego,PT,TNG6I,Portugal
Jakob,O'Moylane,jomoylaneay@dot.gov,+591 (390) 815-2628,PO Box 12056,Chicago,BO,1322E,Bolivia
Danyelle,Landis,dlandisaz@typepad.com,+1 (775) 404-4778,Suite 74,San Diego,US,8WUV0,United States
Bobbette,Ditzel,bditzelb0@cam.ac.uk,+1 (210) 978-9927,Room 1848,Philadelphia,US,0YWLF,United States
Cher,Tomaini,ctomainib1@twitpic.com,+351 (252) 744-7233,PO Box 81744,San Jose,PT,77H1I,Portugal
Siegfried,Shawdforth,sshawdforthb2@cpanel.net,+1 (601) 361-4474,Room 1560,New York,US,X716F,United States
Elayne,Gunn,egunnb3@51.la,+1 (615) 335-8323,Suite 71,Houston,US,060F5,United States
Gram,Claye,gclayeb4@yahoo.com,+1 (770) 474-4221,PO Box 79249,Philadelphia,US,HGV06,United States
Vivyanne,De Few,vdefewb5@360.cn,+351 (907) 302-5791,Apt 80,Chicago,PT,1Y1HS,Portugal
Town,Lodewick,tlodewickb6@ebay.com,+1 (862) 573-3767,8th Floor,New York,US,U67Y5,United States
Querida,Fewster,qfewsterb7@uol.com.br,+1 (704) 435-1614,PO Box 43565,Phoenix,US,13138,United States
Sabine,Hub,shubb8@bigcartel.com,+351 (794) 485-2275,Room 1665,Phoenix,PT,0ZF7C,Portugal
Leo,Bentote,lbentoteb9@reference.com,+1 (901) 160-3513,Apt 1371,San Jose,US,34P4F,United States
Gussie,Kovnot,gkovnotba@cbsnews.com,+351 (967) 211-2119,Apt 1733,Philadelphia,PT,74SVX,Portugal
Teddy,Jeroch,tjerochbb@is.gd,+1 (414) 106-6000,Apt 1599,Houston,US,3MYZF,United States
Godwin,Hynson,ghynsonbc@foxnews.com,+1 (254) 121-3786,Suite 52,Los Angeles,US,PR5D9,United States
Axe,Mateiko,amateikobd@google.nl,+351 (618) 932-4338,1st Floor,Philadelphia,PT,CJQ30,Portugal
Leopold,O'Leagham,loleaghambe@ca.gov,+1 (405) 326-1033,14th Floor,Los Angeles,US,4B5ST,United States
Murry,Hutchins,mhutchinsbf@qq.com,+351 (190) 669-6132,Room 1900,Dallas,PT,Y6R65,Portugal
Darice,Glasbey,dglasbeybg@sbwire.com,+1 (815) 515-4577,Room 372,Los Angeles,US,2P2K8,United States
Burtie,Warrier,bwarrierbh@themeforest.net,+351 (446) 604-1620,PO Box 28169,New York,PT,1N80J,Portugal
Parsifal,Darnell,pdarnellbi@tinypic.com,+1 (609) 951-3092,Apt 1257,San Diego,US,ZE615,United States
Jamill,Weiss,jweissbj@furl.net,+1 (571) 140-4935,Suite 42,Phoenix,US,P899Y,United States
Dorothy,Ravilious,draviliousbk@hc360.com,+351 (146) 678-6341,16th Floor,Dallas,PT,1J83Z,Portugal
Elisha,Taillard,etaillardbl@uiuc.edu,+1 (704) 660-2758,11th Floor,San Diego,US,B18EC,United States
Darb,Farnhill,dfarnhillbm@so-net.ne.jp,+1 (812) 488-1039,PO Box 35898,San Antonio,US,GXL38,United States
Hamlin,Goforth,hgoforthbn@statcounter.com,+351 (401) 636-7468,4th Floor,Chicago,PT,4W2E5,Portugal
Pat,Gridley,pgridleybo@sbwire.com,+591 (262) 772-2826,Room 1141,Chicago,BO,1AG68,Bolivia
Wynne,Spradbrow,wspradbrowbp@quantcast.com,+1 (303) 671-1683,Room 923,Dallas,US,7SSZ9,United States
Felic,Medgwick,fmedgwickbq@washington.edu,+972 (984) 650-3697,11th Floor,San Antonio,IL,B0A3Z,Israel
Gwendolin,Saer,gsaerbr@wordpress.com,+44 (814) 538-8244,PO Box 68039,Los Angeles,GB,FH14P,United Kingdom
Torin,Quarrell,tquarrellbs@wikipedia.org,+1 (972) 786-6953,Suite 92,Chicago,US,FV2B4,United States
Harold,Idill,hidillbt@icio.us,+1 (415) 947-0406,Suite 33,Houston,US,MP097,United States
Margarethe,Clunan,mclunanbu@topsy.com,+351 (877) 106-4013,Room 1315,Chicago,PT,9M2D7,Portugal
Raf,Shovel,rshovelbv@skyrock.com,+351 (240) 445-8364,Suite 5,Houston,PT,RRY2F,Portugal
Aida,La Rosa,alarosabw@wordpress.com,+351 (295) 733-0179,Apt 1434,Chicago,PT,863SR,Portugal
Marlo,Timperley,mtimperleybx@ameblo.jp,+1 (702) 980-1694,Apt 559,Chicago,US,3TT44,United States
Trey,Gillivrie,tgillivrieby@unc.edu,+1 (513) 874-2002,Room 1153,Philadelphia,US,5D6T7,United States
Hillary,De Giorgio,hdegiorgiobz@hp.com,+1 (914) 724-6253,Apt 1142,Los Angeles,US,OO03H,United States
Eberhard,Egan,eeganc0@nature.com,+351 (121) 255-6613,PO Box 41101,Los Angeles,PT,027WO,Portugal
Lindi,Broszkiewicz,lbroszkiewiczc1@bbb.org,+39 (635) 782-7525,8th Floor,Dallas,IT,IUOF3,Italy
Lusa,Buney,lbuneyc2@europa.eu,+1 (864) 373-3039,Room 65,New York,US,5D3OY,United States
Saraann,Andrault,sandraultc3@bloglines.com,+351 (719) 246-4517,9th Floor,New York,PT,6245P,Portugal
Elli,Glandon,eglandonc4@vistaprint.com,+34 (139) 157-3366,Room 1060,Houston,ES,5K008,Spain
Gus,Bedells,gbedellsc5@google.com.au,+34 (230) 481-1444,Room 1448,Chicago,ES,75OIY,Spain
Meg,Satcher,msatcherc6@networksolutions.com,+972 (188) 746-6917,10th Floor,Philadelphia,IL,05F35,Israel
Nanon,Fader,nfaderc7@blogspot.com,+1 (619) 345-8358,Room 175,Los Angeles,US,D98BA,United States
Norby,Romaines,nromainesc8@google.ru,+351 (819) 762-2070,Room 1844,San Diego,PT,0022K,Portugal
Caryl,Derill,cderillc9@irs.gov,+351 (393) 737-6363,Suite 86,San Diego,PT,67MZ2,Portugal
Suki,Reddin,sreddinca@fotki.com,+1 (626) 687-6143,3rd Floor,San Jose,US,54S5Q,United States
Sanson,Westcar,swestcarcb@nydailynews.com,+351 (750) 536-6363,1st Floor,San Jose,PT,G2FE5,Portugal
Anette,Velasquez,avelasquezcc@de.vu,+1 (713) 942-0583,Room 1512,Houston,US,1J7HN,United States
Mel,Mordecai,mmordecaicd@soundcloud.com,+351 (716) 118-5219,3rd Floor,Dallas,PT,5A2XB,Portugal
Glenna,Heal,ghealce@mit.edu,+351 (252) 970-4492,PO Box 92737,Chicago,PT,NB5K7,Portugal
Burty,Briggs,bbriggscf@sfgate.com,+591 (909) 813-2256,Room 1691,Houston,BO,T6WZJ,Bolivia
Darcey,Worden,dwordencg@sfgate.com,+1 (801) 997-1102,PO Box 5480,San Antonio,US,A7B47,United States
Chip,Hearl,chearlch@discuz.net,+351 (484) 946-7469,PO Box 41907,Houston,PT,392VL,Portugal
Kathy,Andrasch,kandraschci@digg.com,+1 (913) 195-6536,Apt 972,Dallas,US,GM558,United States
Lesley,Ervin,lervincj@tiny.cc,+351 (866) 757-0691,Apt 1251,San Antonio,PT,SJ166,Portugal
Jordan,Vella,jvellack@mlb.com,+591 (732) 253-2715,Apt 1018,Houston,BO,CL487,Bolivia
Cobb,Grigore,cgrigorecl@timesonline.co.uk,+1 (701) 559-4912,Suite 24,New York,US,WV5Y6,United States
Jerald,Sainte Paul,jsaintepaulcm@bing.com,+1 (214) 981-4196,Suite 63,Phoenix,US,DGMY7,United States
Blaine,Connock,bconnockcn@ow.ly,+972 (570) 620-6324,PO Box 52113,San Jose,IL,0P0WW,Israel
Bruno,Tweedy,btweedyco@elpais.com,+351 (995) 544-2489,7th Floor,New York,PT,ED356,Portugal
Lonnie,Wenn,lwenncp@cloudflare.com,+351 (180) 433-1917,Apt 631,Houston,PT,DFIP4,Portugal
Lorri,Thrift,lthriftcq@usgs.gov,+351 (102) 853-8942,Apt 1846,New York,PT,O2ODV,Portugal
Aharon,Vedeshkin,avedeshkincr@github.com,+1 (540) 214-7370,Room 1897,San Antonio,US,U7WQQ,United States
Ring,Kitchinham,rkitchinhamcs@netscape.com,+351 (298) 936-6601,PO Box 80502,New York,PT,D5UM5,Portugal
Brendan,Fearnside,bfearnsidect@sitemeter.com,+1 (816) 574-3259,Suite 42,Phoenix,US,5VY00,United States
Korney,Dorton,kdortoncu@ucsd.edu,+1 (602) 695-7658,Apt 349,San Jose,US,59YHU,United States
Haze,Eddleston,heddlestoncv@shop-pro.jp,+351 (319) 882-3049,Apt 865,San Antonio,PT,5A6D1,Portugal
Wallas,Philson,wphilsoncw@nifty.com,+1 (713) 657-8683,PO Box 63458,Houston,US,04L8N,United States
Desiree,Swaton,dswatoncx@ox.ac.uk,+1 (916) 315-4276,PO Box 7827,San Diego,US,98B94,United States
Carlita,Whitington,cwhitingtoncy@gmpg.org,+34 (406) 621-6056,Apt 119,Los Angeles,ES,A46GS,Spain
Sansone,Masseo,smasseocz@cyberchimps.com,+351 (818) 779-2507,Room 600,San Jose,PT,IRBAG,Portugal
Sherline,Corwin,scorwind0@nba.com,+351 (391) 322-9663,1st Floor,Philadelphia,PT,Z29H1,Portugal
Harlen,Houlson,hhoulsond1@theguardian.com,+1 (865) 439-2590,PO Box 28825,San Antonio,US,UXI91,United States
Darcy,Duggon,dduggond2@eventbrite.com,+351 (660) 340-9996,Apt 350,San Antonio,PT,H1WSL,Portugal
Rod,Crebbin,rcrebbind3@51.la,+351 (840) 196-7956,Suite 78,San Diego,PT,8X5M9,Portugal
Lucius,Devers,ldeversd4@livejournal.com,+1 (707) 514-5186,Suite 67,Philadelphia,US,0A40D,United States
Maia,Sinyard,msinyardd5@joomla.org,+351 (562) 156-1905,Suite 39,Philadelphia,PT,K8ND0,Portugal
Naoma,Patrick,npatrickd6@nih.gov,+351 (508) 205-6068,Suite 69,Philadelphia,PT,YN373,Portugal
Anabelle,Lannin,alannind7@oaic.gov.au,+351 (978) 570-5658,15th Floor,San Jose,PT,Q89I4,Portugal
Yorgos,Pettengell,ypettengelld8@va.gov,+351 (277) 339-2649,Suite 41,Los Angeles,PT,26453,Portugal
Brande,Feldberg,bfeldbergd9@hp.com,+351 (842) 750-8731,PO Box 9872,Los Angeles,PT,7P6BS,Portugal
Jeralee,Morando,jmorandoda@paypal.com,+966 (460) 302-4563,Suite 98,Los Angeles,SA,CCO39,Saudi Arabia
Kingsley,Carruth,kcarruthdb@dot.gov,+351 (529) 999-4407,20th Floor,New York,PT,9CI70,Portugal
Yelena,Shall,yshalldc@shinystat.com,+1 (713) 536-9627,PO Box 48054,San Jose,US,9O54D,United States
Karl,Jennaroy,kjennaroydd@xing.com,+351 (194) 669-4253,Room 540,Dallas,PT,1WUBL,Portugal
Eda,Zelley,ezelleyde@jugem.jp,+351 (908) 117-3711,PO Box 49390,Dallas,PT,62C98,Portugal
Bradford,Tomaszkiewicz,btomaszkiewiczdf@slideshare.net,+44 (569) 537-1531,PO Box 93304,San Antonio,GB,3494V,United Kingdom
Meaghan,Eatttok,meatttokdg@bing.com,+351 (973) 474-4947,Room 109,San Antonio,PT,592AJ,Portugal
Nicky,Swarbrigg,nswarbriggdh@newyorker.com,+1 (913) 515-2160,Apt 125,Philadelphia,US,J352H,United States
Arlin,Handslip,ahandslipdi@photobucket.com,+1 (704) 559-2973,Room 313,San Diego,US,RH29R,United States
Cissiee,Grimbleby,cgrimblebydj@ebay.co.uk,+1 (253) 835-0589,Suite 66,Houston,US,6QR53,United States
Lula,Kenningley,lkenningleydk@blogspot.com,+1 (703) 318-1679,2nd Floor,San Diego,US,616WF,United States
Pieter,Basezzi,pbasezzidl@nasa.gov,+966 (642) 118-9991,15th Floor,Houston,SA,09ESZ,Saudi Arabia
Peggi,Gerrill,pgerrilldm@arizona.edu,+1 (323) 999-5168,12th Floor,New York,US,YDLHP,United States
Kellsie,Akers,kakersdn@va.gov,+351 (969) 763-3956,15th Floor,San Antonio,PT,41V7G,Portugal
Judy,Lascell,jlascelldo@cam.ac.uk,+351 (185) 433-8931,Suite 20,Houston,PT,NXGN7,Portugal
Earvin,Civitillo,ecivitillodp@europa.eu,+1 (661) 899-4429,Room 1995,Los Angeles,US,2MPN9,United States
Evita,Benn,ebenndq@vimeo.com,+1 () 350-4164,Apt 938,Chicago,US,2451E,United States
Chariot,Jedrzejkiewicz,cjedrzejkiewiczdr@wikipedia.org,+351 (211) 933-5295,Room 995,Houston,PT,7KGHS,Portugal
Abbie,Kunzelmann,akunzelmannds@cpanel.net,+351 (603) 299-1187,Apt 1444,Chicago,PT,P2U49,Portugal
Claudine,Itzik,citzikdt@hp.com,+1 (616) 362-1327,PO Box 82666,Phoenix,US,A62G8,United States
Richmound,Goade,rgoadedu@delicious.com,+351 (129) 188-1649,Room 1949,New York,PT,77XHB,Portugal
Kristel,Gionettitti,kgionettittidv@yale.edu,+1 (816) 822-0061,Suite 6,San Antonio,US,6L6P3,United States
Darda,Bwy,dbwydw@godaddy.com,+1 (850) 266-8282,Room 1383,San Jose,US,7EEPL,United States
Gerrie,Martinet,gmartinetdx@cyberchimps.com,+351 (702) 330-1897,Suite 31,New York,PT,MUGPE,Portugal
Marjie,Eisig,meisigdy@cyberchimps.com,+351 (933) 207-7794,Apt 142,Houston,PT,ETV5R,Portugal
Valeria,Breitling,vbreitlingdz@google.co.uk,+1 (714) 673-0866,14th Floor,New York,US,Y45M4,United States
Kriste,McVicar,kmcvicare0@earthlink.net,+351 (552) 202-0077,PO Box 28136,Phoenix,PT,KYO8B,Portugal
Rhonda,Gibbons,rgibbonse1@shinystat.com,+1 (260) 171-4633,Apt 1372,San Diego,US,PS912,United States
Marv,Woodvine,mwoodvinee2@ifeng.com,+1 (904) 403-5490,Room 944,San Jose,US,Q34A5,United States
Alie,Aubery,aauberye3@cbsnews.com,+1 (863) 271-7557,Suite 25,Chicago,US,YNHN0,United States
Julianna,Edbrooke,jedbrookee4@privacy.gov.au,+34 (727) 188-1009,PO Box 37228,San Jose,ES,94221,Spain
Jakie,Liggins,jligginse5@godaddy.com,+972 (286) 669-5354,PO Box 14203,Houston,IL,755UV,Israel
Jemima,Yakunikov,jyakunikove6@state.gov,+351 (905) 988-5382,19th Floor,San Antonio,PT,O15HI,Portugal
Levey,Demcik,ldemcike7@aboutads.info,+44 (126) 374-2236,10th Floor,Los Angeles,GB,B8056,United Kingdom
Denna,Titmus,dtitmuse8@drupal.org,+351 (549) 270-6255,7th Floor,San Jose,PT,J54I4,Portugal
Finn,Learmonth,flearmonthe9@phoca.cz,+39 (770) 487-1593,PO Box 7644,Los Angeles,IT,9D277,Italy
Brigg,Soars,bsoarsea@gizmodo.com,+351 (262) 347-2870,PO Box 32463,San Diego,PT,497AN,Portugal
Harvey,Newling,hnewlingeb@google.com.br,+351 (591) 448-8107,Suite 91,Philadelphia,PT,VIXFF,Portugal
Alena,Henner,ahennerec@meetup.com,+351 (841) 592-8691,PO Box 73800,Los Angeles,PT,2MHN0,Portugal
Fanechka,Hovel,fhoveled@usa.gov,+351 (710) 492-4056,Apt 1270,Houston,PT,M54F7,Portugal
Bruis,Skillitt,bskillittee@rambler.ru,+351 (503) 609-6203,Apt 766,Houston,PT,9QB79,Portugal
Mario,Speare,mspeareef@abc.net.au,+591 (812) 942-6169,Apt 1747,Chicago,BO,M88F7,Bolivia
Roseanne,Norker,rnorkereg@hc360.com,+351 (702) 181-4849,PO Box 67088,San Antonio,PT,S6W79,Portugal
Clayton,Pistol,cpistoleh@china.com.cn,+351 (930) 818-1891,Apt 403,Philadelphia,PT,E182H,Portugal
Robin,Huthart,rhuthartei@bluehost.com,+1 (916) 370-3351,PO Box 88466,Phoenix,US,C2XJO,United States
Helge,Fallens,hfallensej@marketwatch.com,+351 (390) 465-3768,PO Box 48235,Philadelphia,PT,W7OW9,Portugal
Rora,Marfield,rmarfieldek@biglobe.ne.jp,+351 (470) 779-6661,Suite 39,Philadelphia,PT,6P244,Portugal
Patten,Branni,pbranniel@webmd.com,+1 (704) 577-4336,Room 549,New York,US,HBAK4,United States
Virginie,Dover,vdoverem@nih.gov,+1 (919) 158-0804,Apt 690,Houston,US,6SMQB,United States
Jessamyn,Quarless,jquarlessen@elpais.com,+44 (499) 837-9306,Room 1593,San Diego,GB,98BU5,United Kingdom
Emelita,Wandrach,ewandracheo@amazonaws.com,+351 (370) 696-4798,2nd Floor,Dallas,PT,BP8XK,Portugal
Paul,McCluskey,pmccluskeyep@samsung.com,+1 (504) 295-2206,Apt 221,New York,US,1JQO4,United States
Griz,Southerton,gsouthertoneq@desdev.cn,+1 (915) 542-5565,PO Box 41613,Chicago,US,9GV1K,United States
Arin,Linggood,alinggooder@yellowbook.com,+351 (784) 889-2114,PO Box 74101,Dallas,PT,I6285,Portugal
Fonsie,Trehearne,ftrehearnees@quantcast.com,+351 (510) 302-1117,PO Box 3766,Phoenix,PT,YJ605,Portugal
Sutherland,Eddow,seddowet@w3.org,+1 (970) 395-4909,Room 748,Los Angeles,US,712S5,United States
Melloney,Copozio,mcopozioeu@opensource.org,+1 (616) 815-6991,PO Box 38675,San Diego,US,7FP9P,United States
Townsend,Beazer,tbeazerev@redcross.org,+1 (202) 605-3973,20th Floor,Philadelphia,US,AH6FJ,United States
Lanette,O'Regan,loreganew@exblog.jp,+351 (988) 416-1354,Room 253,New York,PT,992Q8,Portugal
Leeann,Mallender,lmallenderex@wikia.com,+351 (941) 648-8288,Room 1879,Chicago,PT,IT5V4,Portugal
Rudy,Bottomore,rbottomoreey@devhub.com,+972 (331) 693-6277,Room 766,Phoenix,IL,JM20F,Israel
Davida,Rekes,drekesez@spiegel.de,+351 (187) 780-4899,Apt 23,Dallas,PT,1068Q,Portugal
Dotty,Sandeford,dsandefordf0@uol.com.br,+1 (231) 541-2336,Room 996,Chicago,US,6BN7Z,United States
Alayne,Hunsworth,ahunsworthf1@ihg.com,+1 (419) 659-7622,PO Box 5793,Philadelphia,US,779FP,United States
Alexandra,Costanza,acostanzaf2@blog.com,+351 (585) 121-6979,PO Box 38176,Philadelphia,PT,B6369,Portugal
Iolanthe,Matthias,imatthiasf3@spiegel.de,+1 (502) 288-2231,Apt 838,Philadelphia,US,9L62Q,United States
Jessi,Posnett,jposnettf4@photobucket.com,+1 (602) 131-7265,Apt 1606,Phoenix,US,DNN9G,United States
Murray,MacEntee,mmacenteef5@newyorker.com,+1 (843) 181-8349,Apt 855,San Jose,US,3B3XD,United States
Luelle,Deniscke,ldenisckef6@vkontakte.ru,+351 (172) 414-6725,Apt 684,Chicago,PT,VS189,Portugal
Garnet,Spadaro,gspadarof7@spiegel.de,+34 (216) 130-5721,Suite 97,San Jose,ES,X323Z,Spain
Rodrigo,Bande,rbandef8@trellian.com,+351 (341) 107-2103,Room 1267,San Jose,PT,02D60,Portugal
Caressa,Medforth,cmedforthf9@gov.uk,+972 (971) 131-1034,Apt 1286,Philadelphia,IL,055X3,Israel
Odie,Scurry,oscurryfa@answers.com,+1 (915) 760-9666,Suite 70,Philadelphia,US,RI25E,United States
Arnuad,Kuschel,akuschelfb@ustream.tv,+351 (348) 729-2108,Room 1012,Dallas,PT,9J2K9,Portugal
Korry,Leeman,kleemanfc@liveinternet.ru,+1 (202) 825-1432,Suite 76,San Jose,US,OM76P,United States
Delcine,Durrington,ddurringtonfd@usa.gov,+351 (979) 591-0876,PO Box 76989,Chicago,PT,84L0S,Portugal
Florenza,Bonefant,fbonefantfe@microsoft.com,+351 (210) 708-2187,Suite 77,Dallas,PT,ZY52E,Portugal
Franciska,Pulteneye,fpulteneyeff@google.it,+351 (822) 118-1047,PO Box 63496,Phoenix,PT,EMV4T,Portugal
Pollyanna,Rhucroft,prhucroftfg@jigsy.com,+351 (180) 810-6784,Apt 1987,Houston,PT,Y9U51,Portugal
Herminia,Shavel,hshavelfh@histats.com,+1 (915) 383-4403,1st Floor,San Jose,US,XUTZ6,United States
Taffy,Pydcock,tpydcockfi@diigo.com,+1 (281) 180-2270,Suite 41,Phoenix,US,8KL6M,United States
Rudiger,Papez,rpapezfj@cbslocal.com,+1 (469) 955-7141,PO Box 92680,Los Angeles,US,IRWMV,United States
Ettie,Washington,ewashingtonfk@edublogs.org,+351 (124) 192-5864,Apt 1786,Houston,PT,P3BL6,Portugal
Emerson,Schukert,eschukertfl@hud.gov,+1 (360) 465-9374,17th Floor,Philadelphia,US,NC5M7,United States
Liane,Tomsu,ltomsufm@prweb.com,+351 (484) 683-3659,11th Floor,Houston,PT,LS923,Portugal
Ardath,Kinsella,akinsellafn@nature.com,+351 (478) 352-0112,PO Box 43718,San Diego,PT,EP7O9,Portugal
Dolorita,Quincey,dquinceyfo@thetimes.co.uk,+351 (380) 677-9504,Apt 288,Houston,PT,H47H0,Portugal
Junia,Allender,jallenderfp@auda.org.au,+351 (767) 444-2194,2nd Floor,Chicago,PT,7R5LU,Portugal
Decca,Roselli,drosellifq@diigo.com,+351 (143) 902-1758,10th Floor,New York,PT,MBN4R,Portugal
Devlin,Vasilik,dvasilikfr@timesonline.co.uk,+351 (194) 843-5371,4th Floor,Los Angeles,PT,JKR72,Portugal
Anstice,Blackstock,ablackstockfs@shop-pro.jp,+351 (781) 201-0637,PO Box 57070,New York,PT,2NO87,Portugal
Peter,Kunkel,pkunkelft@va.gov,+351 (918) 428-6100,PO Box 35789,Los Angeles,PT,YC566,Portugal
Bartholemy,Barkhouse,bbarkhousefu@prnewswire.com,+34 (321) 409-9656,Suite 49,Chicago,ES,MK1VV,Spain
Van,Hayles,vhaylesfv@mtv.com,+351 (530) 803-1533,8th Floor,Los Angeles,PT,COMYC,Portugal
Cozmo,Kryszkiecicz,ckryszkieciczfw@gov.uk,+351 (743) 355-5107,9th Floor,New York,PT,BYHXU,Portugal
Bartie,Paterson,bpatersonfx@mit.edu,+1 (630) 565-2858,7th Floor,San Antonio,US,YKVR2,United States
Giustina,McDirmid,gmcdirmidfy@weebly.com,+351 (599) 394-6246,4th Floor,San Antonio,PT,3HW0C,Portugal
Jude,Ansley,jansleyfz@huffingtonpost.com,+351 (842) 416-4383,PO Box 46042,San Jose,PT,7U260,Portugal
Aline,Blankau,ablankaug0@oracle.com,+1 (916) 850-3285,PO Box 26600,San Jose,US,M45U2,United States
Gordan,Roistone,groistoneg1@friendfeed.com,+351 (154) 702-4624,PO Box 18755,Chicago,PT,E15H8,Portugal
Lorelei,Bembrick,lbembrickg2@sogou.com,+351 (282) 394-6933,Suite 81,San Antonio,PT,RP543,Portugal
Jillayne,Lumbley,jlumbleyg3@google.com.au,+351 (580) 204-8715,Suite 89,Phoenix,PT,PI6PO,Portugal
Celinka,Iacomo,ciacomog4@yandex.ru,+1 (562) 904-1429,19th Floor,Houston,US,N8S14,United States
Penelopa,Maxworthy,pmaxworthyg5@usda.gov,+351 (883) 586-4316,Suite 75,Chicago,PT,UX4T1,Portugal
Jeffrey,Rasell,jrasellg6@utexas.edu,+1 (313) 265-7371,12th Floor,Chicago,US,30Y1T,United States
Norry,Broadberrie,nbroadberrieg7@usgs.gov,+351 (520) 732-6793,Apt 1581,San Antonio,PT,746XD,Portugal
Renell,Maudsley,rmaudsleyg8@yahoo.co.jp,+1 (386) 216-8546,16th Floor,San Jose,US,UXI57,United States
Guy,Sweynson,gsweynsong9@fc2.com,+966 (868) 119-2147,PO Box 45317,Dallas,SA,8XK48,Saudi Arabia
Layne,Mongeot,lmongeotga@springer.com,+351 (962) 650-5218,Apt 1759,San Diego,PT,49249,Portugal
Gerhardt,Yakuntsov,gyakuntsovgb@1und1.de,+351 (589) 472-0994,Apt 1980,San Antonio,PT,5KM1O,Portugal
Adelaida,Reynoollds,areynoolldsgc@cbc.ca,+351 (527) 929-9500,Room 1386,Dallas,PT,137QZ,Portugal
Kalil,Stute,kstutegd@jigsy.com,+351 (151) 611-3369,Suite 23,San Antonio,PT,80DQV,Portugal
Rey,Perrelle,rperrellege@blogspot.com,+351 (524) 313-4099,Apt 369,Los Angeles,PT,45QY9,Portugal
Carlita,Cracoe,ccracoegf@hubpages.com,+1 (205) 266-5622,Room 544,San Diego,US,J8X1L,United States
Lindy,Dafter,ldaftergg@w3.org,+1 (571) 934-2060,PO Box 77413,Houston,US,Q9PP4,United States
Maxi,Trinder,mtrindergh@newyorker.com,+351 (405) 281-9347,Suite 34,San Diego,PT,87NPG,Portugal
Tuck,Poznanski,tpoznanskigi@canalblog.com,+351 (576) 227-6325,Room 1691,Los Angeles,PT,8GF31,Portugal
Eleni,Houdmont,ehoudmontgj@wordpress.com,+1 (678) 611-4047,Apt 1991,Houston,US,6D207,United States
Hamil,Tefft,htefftgk@blog.com,+1 (419) 707-9566,PO Box 45641,San Antonio,US,YSCS7,United States
Tommi,Knoton,tknotongl@bbb.org,+351 (962) 558-0976,Suite 58,Chicago,PT,B8RRD,Portugal
Elka,Hamblin,ehamblingm@vimeo.com,+351 (489) 652-1402,Suite 42,Chicago,PT,92D4T,Portugal
Kristoffer,Shellshear,kshellsheargn@histats.com,+1 (248) 676-0570,9th Floor,Dallas,US,6H993,United States
Annabal,Tue,atuego@desdev.cn,+351 (294) 205-2144,19th Floor,San Antonio,PT,1X61O,Portugal
Emelen,Cavnor,ecavnorgp@unicef.org,+1 (915) 116-3477,Apt 716,San Diego,US,65449,United States
Wain,Choudhury,wchoudhurygq@51.la,+351 (213) 168-6227,Room 1336,Phoenix,PT,5Q300,Portugal
Gloria,Adamou,gadamougr@nsw.gov.au,+351 (951) 249-7983,19th Floor,Los Angeles,PT,A37Q3,Portugal
Pincus,Carbonell,pcarbonellgs@msu.edu,+34 (435) 746-2897,Room 1544,Los Angeles,ES,QRGPN,Spain
Sansone,Killingback,skillingbackgt@cnet.com,+972 (323) 811-5730,Room 569,San Diego,IL,MS9WM,Israel
Mallory,Coventry,mcoventrygu@delicious.com,+351 (395) 621-0613,9th Floor,Los Angeles,PT,A2D5K,Portugal
Deanna,Purcell,dpurcellgv@msn.com,+1 (229) 635-8910,PO Box 5452,Houston,US,5K4A0,United States
Judy,Ivanishchev,jivanishchevgw@cpanel.net,+351 (169) 516-5591,3rd Floor,Los Angeles,PT,04MJM,Portugal
Wynne,Bailes,wbailesgx@i2i.jp,+1 (901) 722-1487,Suite 73,Houston,US,MA0QU,United States
Charis,Offner,coffnergy@istockphoto.com,+1 (469) 546-9051,Suite 49,Chicago,US,797BE,United States
Linn,Western,lwesterngz@army.mil,+351 (365) 762-2202,Suite 89,San Diego,PT,3CW1Y,Portugal
Teressa,Sorensen,tsorensenh0@apple.com,+61 (762) 156-7313,PO Box 14550,San Antonio,AU,SMIFR,Australia
Linus,Klimkiewich,lklimkiewichh1@rakuten.co.jp,+351 (107) 350-7141,Apt 1960,San Antonio,PT,5378O,Portugal
Rozele,Folcarelli,rfolcarellih2@unesco.org,+351 (836) 469-1995,Room 1054,Chicago,PT,FUME1,Portugal
Worthy,Schroter,wschroterh3@nifty.com,+1 (361) 482-0761,16th Floor,Houston,US,7W9MV,United States
Oby,Fidell,ofidellh4@nymag.com,+351 (269) 567-0184,PO Box 99853,Philadelphia,PT,5RT3M,Portugal
Tobiah,Sange,tsangeh5@webmd.com,+351 (986) 345-5431,Room 1727,Phoenix,PT,O66ED,Portugal
Rosalia,Gladdor,rgladdorh6@devhub.com,+351 (696) 952-5683,Apt 204,Houston,PT,VFLVF,Portugal
Alina,Haggart,ahaggarth7@dion.ne.jp,+351 (161) 795-5713,Room 1196,Los Angeles,PT,3E2US,Portugal
Stanly,Down,sdownh8@google.nl,+351 (198) 216-3353,Apt 385,Dallas,PT,3G3B6,Portugal
Dacey,Peete,dpeeteh9@npr.org,+351 (367) 276-9148,8th Floor,Philadelphia,PT,BM3XO,Portugal
Shawn,Gasking,sgaskingha@home.pl,+351 (492) 896-8696,Room 931,Philadelphia,PT,6XZT2,Portugal
Lion,McCathy,lmccathyhb@angelfire.com,+1 (202) 808-2179,PO Box 90598,San Antonio,US,O0S8R,United States
Ardelle,Papen,apapenhc@smugmug.com,+351 (104) 685-4616,PO Box 16185,New York,PT,H2F6C,Portugal
Teriann,Loughren,tloughrenhd@ow.ly,+44 (575) 994-4172,Suite 95,Houston,GB,AX6ET,United Kingdom
Byram,Rabat,brabathe@canalblog.com,+44 (543) 234-2953,20th Floor,New York,GB,C676H,United Kingdom
Jedidiah,Lynett,jlynetthf@springer.com,+44 (875) 345-5085,Apt 1007,New York,GB,JFIKC,United Kingdom
Jerrie,Daen,jdaenhg@blogtalkradio.com,+34 (582) 985-0654,8th Floor,Dallas,ES,59TM4,Spain
Georgina,Crowter,gcrowterhh@msu.edu,+351 (460) 184-7326,18th Floor,Houston,PT,6VZ5U,Portugal
Agace,Brydell,abrydellhi@va.gov,+351 (528) 732-5337,PO Box 35121,San Jose,PT,37ND1,Portugal
Anastassia,Rennie,arenniehj@wisc.edu,+351 (893) 833-3933,Suite 64,Philadelphia,PT,NX6VD,Portugal
Gale,Gaymer,ggaymerhk@lycos.com,+1 (617) 415-5422,Apt 152,Philadelphia,US,OU1IJ,United States
Catherina,Carrabott,ccarrabotthl@tinypic.com,+1 (828) 131-4837,20th Floor,Philadelphia,US,O5LXP,United States
Micki,Smithson,msmithsonhm@europa.eu,+1 (626) 965-2460,Suite 87,Dallas,US,10RLY,United States
Bondon,Moizer,bmoizerhn@cafepress.com,+351 (466) 744-0788,PO Box 7734,San Antonio,PT,B27KT,Portugal
Sheelah,Simpkins,ssimpkinsho@nationalgeographic.com,+351 (299) 898-4050,Room 985,Houston,PT,95TXL,Portugal
Reese,Ianinotti,rianinottihp@godaddy.com,+351 (118) 217-1171,Apt 106,San Diego,PT,9K1N1,Portugal
Pennie,Pepperrall,ppepperrallhq@mlb.com,+351 (131) 153-4707,Suite 24,Los Angeles,PT,7BM36,Portugal
Nerty,McGebenay,nmcgebenayhr@jiathis.com,+351 (846) 637-4968,13th Floor,Phoenix,PT,673P7,Portugal
Nicola,Petris,npetrishs@wunderground.com,+1 (260) 962-8300,Suite 74,Chicago,US,YAAU8,United States
Joby,McBoyle,jmcboyleht@hugedomains.com,+351 (215) 378-2325,Apt 1463,Houston,PT,CO6CK,Portugal
Kendricks,Jarry,kjarryhu@walmart.com,+351 (656) 540-9050,Room 282,San Diego,PT,TD425,Portugal
Darell,McKyrrelly,dmckyrrellyhv@wix.com,+351 (315) 724-3859,Room 890,New York,PT,4K8LO,Portugal
Devlen,Togher,dtogherhw@hubpages.com,+351 (570) 408-0137,Suite 13,San Jose,PT,531B5,Portugal
Alina,Jauncey,ajaunceyhx@boston.com,+351 (806) 979-6664,9th Floor,Los Angeles,PT,X8EZG,Portugal
Vikki,Batte,vbattehy@zdnet.com,+351 (621) 389-9204,Apt 492,Chicago,PT,DW522,Portugal
Thom,Habble,thabblehz@people.com.cn,+351 (101) 387-0881,Suite 20,Los Angeles,PT,7FCHQ,Portugal
Marie,Posvner,mposvneri0@china.com.cn,+1 (702) 175-2771,1st Floor,Dallas,US,8846N,United States
Moselle,Bapty,mbaptyi1@narod.ru,+591 (693) 792-0288,7th Floor,San Jose,BO,T8S37,Bolivia
Vince,Britcher,vbritcheri2@dagondesign.com,+351 (775) 414-9780,9th Floor,Dallas,PT,QU1H7,Portugal
Nickola,Kops,nkopsi3@usnews.com,+34 (241) 602-5254,Room 804,Philadelphia,ES,1W56D,Spain
Meredeth,Kitteringham,mkitteringhami4@cornell.edu,+351 (649) 402-0462,Apt 767,Dallas,PT,C0N5I,Portugal
Donnamarie,Keigher,dkeigheri5@xing.com,+591 (194) 865-2405,Room 1135,San Jose,BO,N07ZP,Bolivia
Caty,McCluskey,cmccluskeyi6@last.fm,+1 (512) 268-2735,Suite 41,Phoenix,US,239U2,United States
Orrin,Ayce,oaycei7@bigcartel.com,+1 (773) 927-6367,12th Floor,New York,US,M9S29,United States
Maude,Hadfield,mhadfieldi8@themeforest.net,+351 (470) 422-7445,Apt 975,Philadelphia,PT,E7YDR,Portugal
Josias,Rummery,jrummeryi9@weibo.com,+34 (251) 955-2107,Room 609,San Jose,ES,8EM83,Spain
Ezekiel,Jannex,ejannexia@usgs.gov,+351 (182) 894-8973,Apt 619,New York,PT,T7688,Portugal
Tab,Gibbett,tgibbettib@nationalgeographic.com,+1 (678) 434-5845,Suite 67,New York,US,N0KHX,United States
Tarrah,Heinz,theinzic@unc.edu,+34 (169) 937-2903,Room 405,Phoenix,ES,UI690,Spain
Morty,Eble,mebleid@seesaa.net,+1 (617) 119-7707,PO Box 29600,Phoenix,US,5096L,United States
Nariko,Senter,nsenterie@princeton.edu,+351 (589) 486-7262,13th Floor,San Diego,PT,Z8U23,Portugal
Bennett,Hammond,bhammondif@mac.com,+591 (595) 581-5119,Room 267,New York,BO,S6110,Bolivia
Henrietta,Dorie,hdorieig@google.com,+39 (604) 527-6913,6th Floor,Chicago,IT,7110B,Italy
Jacky,Eastmead,jeastmeadih@multiply.com,+966 (235) 597-0576,19th Floor,San Antonio,SA,YYRNF,Saudi Arabia
Rolland,Bryde,rbrydeii@aol.com,+351 (135) 800-8446,Apt 131,Houston,PT,SOMSR,Portugal
Bron,Lubeck,blubeckij@baidu.com,+1 (612) 924-6569,Room 665,Chicago,US,R552B,United States
Selby,Swindle,sswindleik@uiuc.edu,+351 (136) 434-9427,Suite 7,Los Angeles,PT,EHG34,Portugal
Ashly,Feeley,afeeleyil@wordpress.com,+44 (465) 779-7656,5th Floor,New York,GB,459OD,United Kingdom
Jilli,Kelleway,jkellewayim@umich.edu,+351 (792) 593-3775,12th Floor,San Diego,PT,IB1E6,Portugal
Florrie,Swatheridge,fswatheridgein@weebly.com,+351 (500) 866-3212,PO Box 29461,Dallas,PT,8UVXG,Portugal
Annmaria,Curuclis,acuruclisio@bandcamp.com,+1 (402) 426-7757,Room 787,Chicago,US,TZ09H,United States
Pansy,Donnel,pdonnelip@whitehouse.gov,+351 (337) 598-9372,PO Box 89941,Chicago,PT,L2O5H,Portugal
Cyndie,Izkovicz,cizkovicziq@mail.ru,+1 (608) 278-1007,PO Box 81253,Los Angeles,US,938ZB,United States
Michale,Lening,mleningir@newyorker.com,+351 (482) 113-5345,Suite 26,Philadelphia,PT,V9T92,Portugal
Dalis,Fox,dfoxis@nba.com,+351 (645) 740-8331,10th Floor,Chicago,PT,Q1ML4,Portugal
Esdras,Jacmar,ejacmarit@uiuc.edu,+351 (241) 191-6734,9th Floor,San Antonio,PT,5RQW3,Portugal
Douglass,Eason,deasoniu@loc.gov,+351 (770) 589-6110,Suite 7,Houston,PT,4SY69,Portugal
Mirabel,Wellan,mwellaniv@nature.com,+44 (375) 931-2130,Room 811,Philadelphia,GB,282OF,United Kingdom
Kizzee,Houten,khouteniw@scientificamerican.com,+1 (316) 563-7151,8th Floor,San Diego,US,AUP85,United States
Moss,Joriot,mjoriotix@biblegateway.com,+351 (153) 479-0653,Room 327,Chicago,PT,5P4V0,Portugal
Hunter,Furlow,hfurlowiy@howstuffworks.com,+39 (399) 632-3164,9th Floor,Los Angeles,IT,373UM,Italy
Niall,Fettes,nfettesiz@businessinsider.com,+39 (891) 812-2918,PO Box 75444,Houston,IT,9YYWC,Italy
Cammie,Dumbare,cdumbarej0@ucoz.ru,+351 (219) 955-8582,Apt 760,New York,PT,187O1,Portugal
Ameline,Saket,asaketj1@nymag.com,+351 (171) 788-3863,9th Floor,Chicago,PT,708AF,Portugal
Octavia,Pfaffel,opfaffelj2@devhub.com,+351 (181) 329-6463,Apt 524,Chicago,PT,B925V,Portugal
Sergei,Dudmesh,sdudmeshj3@paginegialle.it,+351 (895) 904-0672,Room 1101,Chicago,PT,8NT48,Portugal
Josephina,Arnli,jarnlij4@cnn.com,+351 (942) 987-9091,PO Box 12711,Chicago,PT,5SG64,Portugal
Loralyn,Ceeley,lceeleyj5@issuu.com,+351 (923) 215-0838,Room 1411,San Antonio,PT,FJNDR,Portugal
Carmine,Pina,cpinaj6@artisteer.com,+1 (312) 204-7190,Room 1724,San Diego,US,6W4A3,United States
Madlen,Chucks,mchucksj7@cocolog-nifty.com,+1 (615) 378-8919,Apt 39,Houston,US,DA9T4,United States
Sherlocke,McCloughlin,smccloughlinj8@cmu.edu,+351 (314) 957-1147,PO Box 16799,San Jose,PT,I2552,Portugal
Hillel,Chaperlin,hchaperlinj9@weibo.com,+351 (335) 620-6278,16th Floor,Houston,PT,QV032,Portugal
Jodie,Creser,jcreserja@statcounter.com,+34 (304) 971-1564,12th Floor,Los Angeles,ES,08QUK,Spain
Robinetta,Donnell,rdonnelljb@flavors.me,+351 (847) 149-5007,Suite 93,Phoenix,PT,P6SL7,Portugal
Gabriel,Pellamont,gpellamontjc@google.com.au,+1 (936) 509-3254,Apt 576,Phoenix,US,42YIN,United States
Joni,Iacivelli,jiacivellijd@google.fr,+1 (804) 918-7507,PO Box 68400,San Diego,US,IHXTO,United States
Drew,Speedy,dspeedyje@blogspot.com,+351 (275) 139-6018,Suite 13,New York,PT,T001S,Portugal
Giuseppe,Gallagher,ggallagherjf@booking.com,+351 (548) 376-0327,1st Floor,Chicago,PT,581TN,Portugal
Konstantin,Prandi,kprandijg@uiuc.edu,+351 (884) 344-2967,Apt 173,San Diego,PT,NUBK0,Portugal
Tremayne,de Banke,tdebankejh@google.cn,+351 (797) 579-5005,17th Floor,San Antonio,PT,VXKZH,Portugal
Granny,Dignan,gdignanji@house.gov,+1 (301) 404-3020,PO Box 75622,Houston,US,V8XY8,United States
Vilma,Foucar,vfoucarjj@goo.ne.jp,+351 (739) 463-6807,Apt 936,New York,PT,D5ZBV,Portugal
Adaline,Cheeney,acheeneyjk@jalbum.net,+1 (202) 740-1742,8th Floor,Los Angeles,US,1XZ0V,United States
Valentine,Youel,vyoueljl@berkeley.edu,+351 (539) 393-3392,Room 1534,Dallas,PT,9HS1E,Portugal
Mitchel,Paolazzi,mpaolazzijm@xinhuanet.com,+351 (720) 926-0110,Apt 1816,New York,PT,08817,Portugal
Herculie,Kerford,hkerfordjn@webmd.com,+1 (202) 789-4504,Room 650,Philadelphia,US,4197F,United States
Gothart,McGillacoell,gmcgillacoelljo@huffingtonpost.com,+351 (446) 557-5367,PO Box 64702,Phoenix,PT,G47X9,Portugal
Aggy,Clemot,aclemotjp@t-online.de,+351 (679) 283-6244,Room 287,Philadelphia,PT,16PW7,Portugal
Brooke,Grayne,bgraynejq@shop-pro.jp,+351 (454) 853-1401,Room 117,Chicago,PT,JD212,Portugal
Abbe,Allcott,aallcottjr@techcrunch.com,+39 (323) 526-5169,Suite 8,Los Angeles,IT,OMNY4,Italy
Garnet,Snelgrove,gsnelgrovejs@squidoo.com,+351 (572) 910-3732,1st Floor,New York,PT,6A2D5,Portugal
Waverly,Wackley,wwackleyjt@goo.gl,+1 (904) 761-6099,Suite 86,San Antonio,US,25981,United States
Harvey,Tanfield,htanfieldju@mozilla.org,+34 (138) 215-8907,Room 1445,Chicago,ES,5SP69,Spain
Stinky,Bellord,sbellordjv@smh.com.au,+351 (435) 221-6965,Room 574,San Jose,PT,2KN6U,Portugal
Moss,Gavaran,mgavaranjw@nsw.gov.au,+351 (130) 163-2499,Suite 64,San Diego,PT,5N714,Portugal
Beulah,Munns,bmunnsjx@java.com,+972 (855) 763-4568,Suite 9,San Antonio,IL,08498,Israel
Randal,St. Hill,rsthilljy@netlog.com,+39 (691) 201-2964,Suite 18,San Jose,IT,M1B92,Italy
Wilton,Benger,wbengerjz@youtu.be,+1 (858) 952-5473,PO Box 76362,San Antonio,US,5K7V7,United States
Bellina,Eland,belandk0@utexas.edu,+1 (612) 196-9809,Suite 39,Dallas,US,1BQB1,United States
Lorry,Michelin,lmichelink1@hud.gov,+972 (502) 994-3813,13th Floor,Houston,IL,BH0DH,Israel
Tedda,Lope,tlopek2@unblog.fr,+1 (814) 698-9711,Suite 4,San Jose,US,5FL2R,United States
Rachelle,Cowlishaw,rcowlishawk3@independent.co.uk,+44 (563) 387-3472,Apt 488,San Antonio,GB,DR72Y,United Kingdom
Burlie,Golthorpp,bgolthorppk4@dagondesign.com,+1 (202) 849-1060,15th Floor,Houston,US,IIP80,United States
Shae,Bielfeld,sbielfeldk5@omniture.com,+351 (153) 753-7581,Room 1114,San Antonio,PT,GX63E,Portugal
Alfy,Lindbergh,alindberghk6@macromedia.com,+591 (244) 563-2622,Room 127,Houston,BO,HN877,Bolivia
Desmund,Antrim,dantrimk7@chicagotribune.com,+1 (760) 518-5603,Room 1855,Phoenix,US,70581,United States
Hilliard,Canellas,hcanellask8@skyrock.com,+1 (571) 984-3495,Suite 64,Los Angeles,US,27H8Y,United States
Annette,Anders,aandersk9@oakley.com,+351 (469) 781-6111,Room 1595,Philadelphia,PT,RW9N2,Portugal
Ross,Tilby,rtilbyka@nba.com,+351 (883) 655-8420,PO Box 51129,Philadelphia,PT,451E1,Portugal
Samaria,Gillyett,sgillyettkb@ameblo.jp,+351 (709) 647-8030,Apt 53,Chicago,PT,85E39,Portugal
Lanette,Sandercock,lsandercockkc@time.com,+1 (918) 351-6804,PO Box 72267,Houston,US,6QX1O,United States
Hobard,Swedeland,hswedelandkd@tamu.edu,+966 (154) 127-7106,PO Box 17473,Houston,SA,SOWR1,Saudi Arabia
Brennan,Simoncelli,bsimoncellike@businessweek.com,+351 (345) 341-8668,Room 1856,Los Angeles,PT,Z39J1,Portugal
Yasmeen,Papachristophorou,ypapachristophoroukf@omniture.com,+351 (268) 930-6433,Apt 687,San Diego,PT,K3QG6,Portugal
Grove,Chalmers,gchalmerskg@yelp.com,+351 (811) 114-0571,15th Floor,San Diego,PT,43I2O,Portugal
Ethelred,Murdoch,emurdochkh@xing.com,+351 (600) 250-2883,PO Box 2287,New York,PT,P461M,Portugal
Ritchie,Meeland,rmeelandki@mashable.com,+351 (636) 745-7678,Room 222,New York,PT,2ZG5Q,Portugal
Rafaelia,McVie,rmcviekj@yahoo.com,+351 (229) 231-7128,Room 875,Phoenix,PT,TETH9,Portugal
Odilia,Redrup,oredrupkk@miibeian.gov.cn,+1 (630) 412-1841,Room 829,San Jose,US,RS095,United States
Lorrie,Wozencroft,lwozencroftkl@ow.ly,+351 (617) 516-7394,PO Box 74016,New York,PT,Z1IWS,Portugal
Elliott,Millmoe,emillmoekm@hc360.com,+351 (585) 568-2425,PO Box 31901,San Diego,PT,390W0,Portugal
Connie,Vaskin,cvaskinkn@geocities.jp,+351 (726) 154-5747,PO Box 65395,Chicago,PT,9Y465,Portugal
Augustina,Caze,acazeko@topsy.com,+351 (526) 115-3482,PO Box 70281,Philadelphia,PT,MJ054,Portugal
Christal,Easterfield,ceasterfieldkp@senate.gov,+351 (933) 396-4849,Room 444,Phoenix,PT,28L30,Portugal
Gay,Drei,gdreikq@skyrock.com,+351 (520) 347-9605,13th Floor,Dallas,PT,H39PU,Portugal
Terencio,Valeri,tvalerikr@google.es,+1 (954) 250-3788,Apt 1084,Los Angeles,US,6YP09,United States
Brody,Dohmer,bdohmerks@dedecms.com,+351 (184) 433-9193,8th Floor,San Diego,PT,6U7RF,Portugal
Arlyne,Clopton,acloptonkt@amazon.com,+351 (516) 555-5644,PO Box 38814,San Jose,PT,2AM26,Portugal
Katinka,Keat,kkeatku@1und1.de,+591 (490) 265-7688,3rd Floor,San Antonio,BO,A29M9,Bolivia
Dianne,O'Dowgaine,dodowgainekv@xinhuanet.com,+351 (690) 747-6345,PO Box 99929,Phoenix,PT,0V83R,Portugal
Agnella,Allmen,aallmenkw@soup.io,+351 (270) 848-7599,Apt 1913,Dallas,PT,51F2P,Portugal
Peder,McLoughlin,pmcloughlinkx@youtube.com,+1 (989) 793-2227,Room 1550,San Diego,US,H8Z96,United States
Davin,Hrishanok,dhrishanokky@bloomberg.com,+351 (811) 727-2289,Apt 98,San Antonio,PT,75UC4,Portugal
Claiborne,Scaife,cscaifekz@nydailynews.com,+351 (982) 167-4592,Room 248,New York,PT,S5C42,Portugal
Ki,Faircley,kfaircleyl0@free.fr,+351 (435) 112-5567,Suite 24,Chicago,PT,7UMTD,Portugal
Dwight,Clampe,dclampel1@plala.or.jp,+1 (425) 655-1453,10th Floor,Philadelphia,US,9LQ40,United States
Ernie,Coleridge,ecoleridgel2@adobe.com,+351 (489) 734-7629,Apt 1260,San Antonio,PT,NOY20,Portugal
Rodrique,Roizn,rroiznl3@google.ru,+1 (713) 581-4873,Room 1598,Dallas,US,L78ID,United States
Basia,Ather,batherl4@weather.com,+351 (549) 144-9955,11th Floor,Philadelphia,PT,5DD88,Portugal
Vinny,Wipfler,vwipflerl5@addtoany.com,+351 (679) 682-2581,Apt 1588,Phoenix,PT,5HQ8H,Portugal
Lombard,Huxster,lhuxsterl6@miibeian.gov.cn,+1 (941) 938-1121,Apt 1947,New York,US,1MJ0S,United States
Jule,Girardey,jgirardeyl7@surveymonkey.com,+351 (185) 670-8810,Apt 1989,Chicago,PT,4UE1P,Portugal
Quillan,Calton,qcaltonl8@ning.com,+1 (402) 373-7693,10th Floor,San Antonio,US,O6OJG,United States
Daisi,Trask,dtraskl9@hugedomains.com,+351 (400) 582-1008,PO Box 44133,San Jose,PT,T6MOM,Portugal
Cross,Malt,cmaltla@pagesperso-orange.fr,+351 (860) 981-6769,10th Floor,Houston,PT,W0215,Portugal
Sven,McKew,smckewlb@domainmarket.com,+1 (904) 289-8787,Suite 3,Houston,US,FPSK1,United States
Alfy,Cristofolini,acristofolinilc@loc.gov,+351 (660) 807-1924,Suite 38,Dallas,PT,77A12,Portugal
Ottilie,Stiegar,ostiegarld@skype.com,+1 (713) 518-9346,12th Floor,Philadelphia,US,V459L,United States
Thoma,Mearing,tmearingle@timesonline.co.uk,+966 (497) 435-4044,PO Box 48637,New York,SA,13384,Saudi Arabia
Marcia,Redfearn,mredfearnlf@ucoz.ru,+351 (883) 677-3393,3rd Floor,Dallas,PT,6PN83,Portugal
Yancy,Mughal,ymughallg@seattletimes.com,+1 (312) 318-3317,PO Box 82536,San Antonio,US,7E263,United States
Bernete,Stonner,bstonnerlh@addtoany.com,+351 (158) 353-7458,7th Floor,Phoenix,PT,2OH96,Portugal
Florrie,Prangley,fprangleyli@techcrunch.com,+1 (562) 389-4073,Suite 93,Houston,US,XRLY8,United States
Elbert,Dethloff,edethlofflj@unesco.org,+1 (405) 861-0344,Apt 24,New York,US,WDDO4,United States
Estella,Rance,erancelk@liveinternet.ru,+351 (315) 403-2262,Suite 99,San Jose,PT,3AY74,Portugal
Olia,Headrick,oheadrickll@plala.or.jp,+1 (718) 957-6068,PO Box 47618,Phoenix,US,XE36D,United States
Pepe,Drillingcourt,pdrillingcourtlm@trellian.com,+44 (492) 957-7269,Apt 739,Los Angeles,GB,GVPW1,United Kingdom
Lazar,Julian,ljulianln@ebay.com,+1 (732) 179-3366,Apt 1396,San Antonio,US,75T52,United States
Liva,Brizell,lbrizelllo@google.com.br,+351 (720) 723-0372,PO Box 24408,Houston,PT,AR58A,Portugal
Dougie,Neads,dneadslp@squarespace.com,+1 (901) 222-0477,15th Floor,Houston,US,2H759,United States
Melinda,Troctor,mtroctorlq@imageshack.us,+351 (899) 589-5941,Suite 12,San Jose,PT,5645C,Portugal
Pepillo,Wayvill,pwayvilllr@reddit.com,+351 (846) 152-0227,Apt 1394,New York,PT,G4R4L,Portugal
Allis,Macken,amackenls@parallels.com,+351 (264) 288-1495,Room 1345,Dallas,PT,000CE,Portugal
Norbert,Ximenez,nximenezlt@gnu.org,+351 (669) 589-0466,13th Floor,New York,PT,O9W8F,Portugal
Horten,Stygall,hstygalllu@cisco.com,+351 (733) 951-6028,PO Box 16986,Houston,PT,L54S8,Portugal
Cecily,Ferroni,cferronilv@prnewswire.com,+1 (770) 398-4733,2nd Floor,Chicago,US,HT1UU,United States
Chester,Darthe,cdarthelw@1und1.de,+351 (305) 687-6597,Apt 1501,Philadelphia,PT,D3061,Portugal
Kat,Russen,krussenlx@xinhuanet.com,+351 (491) 920-2190,PO Box 42164,Houston,PT,N0UG6,Portugal
Mildrid,Crannach,mcrannachly@homestead.com,+351 (391) 144-7260,19th Floor,Chicago,PT,669QX,Portugal
Emeline,Templar,etemplarlz@state.gov,+351 (682) 996-4283,Room 1832,Phoenix,PT,8NIA5,Portugal
Emmaline,Hammatt,ehammattm0@friendfeed.com,+1 (804) 441-4615,Apt 669,New York,US,54G75,United States
Gladi,Dumbreck,gdumbreckm1@shutterfly.com,+1 (432) 397-1049,PO Box 25211,Phoenix,US,O8633,United States
Gene,Bridden,gbriddenm2@webeden.co.uk,+1 (602) 247-7099,Suite 12,Phoenix,US,IC4G3,United States
Ruby,Ingleson,ringlesonm3@patch.com,+351 (791) 659-3061,1st Floor,Houston,PT,558AI,Portugal
Orel,Robrow,orobrowm4@youtu.be,+351 (222) 997-3235,PO Box 89750,New York,PT,Z3ZRD,Portugal
Doralynne,Iorns,diornsm5@sun.com,+1 (352) 177-9133,Room 646,Dallas,US,8X9O2,United States
Raina,Maydwell,rmaydwellm6@ucoz.com,+1 (202) 293-2294,PO Box 89630,Philadelphia,US,U5FB9,United States
Ysabel,Dutnall,ydutnallm7@globo.com,+351 (435) 561-6863,Suite 16,Chicago,PT,JF93D,Portugal
Erin,Craw,ecrawm8@hostgator.com,+1 (682) 848-2162,Suite 99,Dallas,US,Y9J93,United States
Gustave,Sinnat,gsinnatm9@wiley.com,+1 (626) 811-2218,PO Box 79401,San Antonio,US,S245Q,United States
Fred,Beaver,fbeaverma@multiply.com,+351 (854) 400-0683,Suite 38,New York,PT,HCH64,Portugal
Wanids,Gull,wgullmb@umn.edu,+351 (674) 786-4380,13th Floor,Chicago,PT,5K805,Portugal
Van,Robichon,vrobichonmc@livejournal.com,+1 (281) 503-1498,Room 36,Los Angeles,US,6PO24,United States
Melvin,Cork,mcorkmd@google.com.hk,+591 (727) 495-7351,8th Floor,Phoenix,BO,25J4Q,Bolivia
Ursala,Asaaf,uasaafme@google.co.jp,+351 (130) 523-5383,Apt 1283,Houston,PT,51G84,Portugal
Kristan,Caddens,kcaddensmf@wordpress.org,+1 (316) 942-8683,PO Box 87112,Los Angeles,US,PAEHB,United States
Mata,Lorey,mloreymg@angelfire.com,+34 (409) 907-5354,Suite 13,San Antonio,ES,337YM,Spain
Valentine,Fredy,vfredymh@privacy.gov.au,+44 (630) 731-3439,Room 1492,Chicago,GB,953TW,United Kingdom
Leontine,Librey,llibreymi@godaddy.com,+351 (820) 873-0517,PO Box 66525,Chicago,PT,0R3AL,Portugal
Codee,Martelet,cmarteletmj@salon.com,+1 (616) 995-6203,Apt 1629,San Antonio,US,4R5RP,United States
Cathe,McAless,cmcalessmk@adobe.com,+351 (768) 463-9474,Suite 96,Philadelphia,PT,E4NSC,Portugal
Clair,Crittal,ccrittalml@redcross.org,+1 (318) 856-5660,PO Box 32043,San Jose,US,VP8ZN,United States
Kristan,Stranahan,kstranahanmm@edublogs.org,+39 (866) 829-6895,Room 1624,San Jose,IT,A2X1I,Italy
Dianna,Noden,dnodenmn@hatena.ne.jp,+351 (157) 656-2590,Suite 3,Philadelphia,PT,0Q8O1,Portugal
Gilligan,Northrop,gnorthropmo@redcross.org,+351 (824) 330-3929,Apt 1768,Dallas,PT,AYA24,Portugal
Catriona,Mugg,cmuggmp@alexa.com,+351 (406) 868-4744,Apt 519,Chicago,PT,7IKY6,Portugal
Merissa,Gallop,mgallopmq@ca.gov,+351 (252) 599-1767,PO Box 32973,Phoenix,PT,PC4FA,Portugal
Di,Robroe,drobroemr@studiopress.com,+351 (362) 151-0105,PO Box 21973,Philadelphia,PT,2L0UV,Portugal
Curtis,Vaune,cvaunems@squarespace.com,+351 (748) 798-8499,PO Box 5853,Dallas,PT,C88V4,Portugal
Thurstan,Aberhart,taberhartmt@irs.gov,+351 (303) 195-7882,Room 1354,Philadelphia,PT,ULK09,Portugal
Johna,McMichell,jmcmichellmu@cyberchimps.com,+44 (259) 911-8359,Apt 795,Los Angeles,GB,7FSAS,United Kingdom
Malynda,Crosby,mcrosbymv@digg.com,+351 (831) 664-2500,2nd Floor,San Antonio,PT,41517,Portugal
Modestine,Castella,mcastellamw@deviantart.com,+1 (215) 486-7073,PO Box 46455,Los Angeles,US,F6X07,United States
Janette,Burdin,jburdinmx@usa.gov,+351 (593) 601-9947,PO Box 44362,Chicago,PT,BCP22,Portugal
Daniele,Conew,dconewmy@amazon.com,+1 (501) 422-7627,Apt 1090,Houston,US,78VKI,United States
Sisile,Duggen,sduggenmz@paginegialle.it,+1 (407) 704-0341,Room 1176,Houston,US,93PN5,United States
Germain,Conwell,gconwelln0@taobao.com,+1 (626) 844-1997,Apt 1356,San Jose,US,0X1K5,United States
Aldis,Vallentin,avallentinn1@linkedin.com,+351 (434) 570-7103,PO Box 53390,San Diego,PT,G7R2P,Portugal
Ruddie,Ondrousek,rondrousekn2@cafepress.com,+351 (858) 407-9684,4th Floor,New York,PT,0698T,Portugal
Freida,McCromley,fmccromleyn3@theguardian.com,+591 (583) 519-3672,Suite 48,Philadelphia,BO,64U24,Bolivia
Janaya,Gwillym,jgwillymn4@so-net.ne.jp,+1 (206) 633-7350,10th Floor,Houston,US,VFSQH,United States
Kira,Maxfield,kmaxfieldn5@sina.com.cn,+1 (585) 890-4621,2nd Floor,San Diego,US,B29E9,United States
Joletta,Gimert,jgimertn6@wikipedia.org,+1 (510) 586-8638,Suite 15,Philadelphia,US,L295R,United States
Hedvige,Judkin,hjudkinn7@bravesites.com,+351 (856) 746-8378,Apt 881,Houston,PT,3GOPW,Portugal
Jacky,Houlaghan,jhoulaghann8@google.pl,+351 (352) 806-9753,Suite 84,Houston,PT,N5V17,Portugal
Pearl,Van Arsdalen,pvanarsdalenn9@plala.or.jp,+1 (412) 554-9654,PO Box 17682,San Antonio,US,TKH06,United States
Kai,Summerlad,ksummerladna@constantcontact.com,+351 (973) 202-7407,Suite 75,San Diego,PT,T870A,Portugal
Seymour,Kubelka,skubelkanb@stanford.edu,+1 (412) 730-6595,PO Box 72406,New York,US,37Q06,United States
Nina,Cuttle,ncuttlenc@webnode.com,+1 (480) 663-6779,Suite 65,San Jose,US,38JQB,United States
Zulema,Paulich,zpaulichnd@fc2.com,+351 (144) 890-1841,Apt 1544,Phoenix,PT,29VVR,Portugal
Roch,Helliwell,rhelliwellne@xing.com,+351 (785) 779-0008,Suite 82,San Jose,PT,80659,Portugal
Katie,Muckart,kmuckartnf@army.mil,+351 (293) 655-8474,1st Floor,Philadelphia,PT,W598R,Portugal
Lara,Acutt,lacuttng@addtoany.com,+351 (561) 508-6643,Suite 40,Houston,PT,AMF21,Portugal
Dorry,Elacoate,delacoatenh@1688.com,+351 (906) 888-3901,Apt 1630,San Antonio,PT,0A61Q,Portugal
Toinette,Duchan,tduchanni@sourceforge.net,+1 (330) 929-1465,17th Floor,Dallas,US,C9X0N,United States
Morganica,McCurrie,mmccurrienj@smh.com.au,+351 (394) 997-0294,15th Floor,San Jose,PT,4Y2OX,Portugal
Hyman,Macias,hmaciasnk@springer.com,+351 (946) 245-6915,4th Floor,Dallas,PT,7120A,Portugal
Wit,Jeannard,wjeannardnl@cyberchimps.com,+351 (782) 463-5822,Suite 29,New York,PT,H0V9M,Portugal
Cullie,Wilks,cwilksnm@ycombinator.com,+351 (785) 904-3821,Room 615,Los Angeles,PT,A9D52,Portugal
Case,Manchester,cmanchesternn@desdev.cn,+351 (780) 711-4681,Suite 19,Los Angeles,PT,966Y0,Portugal
Chryste,McCrossan,cmccrossanno@surveymonkey.com,+351 (369) 891-8391,Room 719,Philadelphia,PT,M1E4G,Portugal
Randal,Paolazzi,rpaolazzinp@comcast.net,+351 (896) 168-2006,PO Box 79831,New York,PT,BBW20,Portugal
Ursuline,Wren,uwrennq@buzzfeed.com,+351 (508) 795-5769,Room 1902,San Jose,PT,125QZ,Portugal
Karina,Litherborough,klitherboroughnr@pen.io,+351 (737) 447-4833,PO Box 10782,San Antonio,PT,7W1C9,Portugal
Husein,Gabbitis,hgabbitisns@stumbleupon.com,+351 (508) 131-5929,Suite 90,New York,PT,WNF7Y,Portugal
Bartel,Haste,bhastent@pcworld.com,+1 (513) 364-1478,PO Box 78035,Los Angeles,US,HYZRQ,United States
Ashlin,Vale,avalenu@google.de,+1 (202) 952-8111,PO Box 92403,San Diego,US,061O3,United States
Zacharias,Labroue,zlabrouenv@virginia.edu,+351 (342) 241-5418,Apt 116,Philadelphia,PT,2N78I,Portugal
Morley,Paramor,mparamornw@mtv.com,+1 (757) 365-4257,Room 1500,Dallas,US,59LS5,United States
Cristine,Oldcroft,coldcroftnx@bbb.org,+966 (685) 843-1828,Room 967,San Jose,SA,9BR8K,Saudi Arabia
Bartolemo,Curran,bcurranny@usatoday.com,+1 (212) 634-0001,7th Floor,New York,US,W517S,United States
Haleigh,Serjent,hserjentnz@google.co.uk,+1 (814) 390-3530,5th Floor,Houston,US,10UT8,United States
Adelina,Brandino,abrandinoo0@hugedomains.com,+351 (140) 918-4932,Apt 506,Houston,PT,ER8AZ,Portugal
Jacqui,Bernholt,jbernholto1@com.com,+1 (419) 778-0609,Suite 26,Houston,US,LKGPL,United States
Gannie,Ruffler,grufflero2@ibm.com,+1 (202) 113-3026,Room 604,New York,US,HEP4V,United States
Isak,Linfoot,ilinfooto3@bbb.org,+351 (791) 212-2763,PO Box 47238,Phoenix,PT,2001X,Portugal
Torey,Faulconer,tfaulconero4@parallels.com,+351 (812) 234-7071,Apt 1984,Phoenix,PT,S1Y67,Portugal
Lilia,Bathurst,lbathursto5@unicef.org,+351 (413) 728-9671,7th Floor,Los Angeles,PT,Z2QL2,Portugal
Haroun,Merigeau,hmerigeauo6@google.co.uk,+972 (280) 721-1606,PO Box 30245,Los Angeles,IL,J84CF,Israel
Dylan,Pinnion,dpinniono7@twitter.com,+44 (938) 636-8069,Suite 2,San Antonio,GB,SSQDT,United Kingdom
Corbie,Clementel,cclementelo8@booking.com,+44 (557) 597-3660,Suite 93,San Jose,GB,VZHJ8,United Kingdom
Idell,Chaudret,ichaudreto9@taobao.com,+1 (443) 214-2213,Room 1370,San Jose,US,00BG4,United States
Tally,McFeat,tmcfeatoa@msu.edu,+1 (281) 944-1378,Suite 8,Houston,US,ZCV55,United States
Dom,Brixey,dbrixeyob@live.com,+351 (864) 464-2275,PO Box 77329,Dallas,PT,I9SI3,Portugal
Hetty,Lemmers,hlemmersoc@va.gov,+1 (518) 102-9528,Apt 373,Phoenix,US,C7592,United States
Allistir,Cassar,acassarod@cnbc.com,+1 (612) 507-9877,Suite 63,San Diego,US,R6S43,United States
Dorey,Bernardotti,dbernardottioe@google.ca,+34 (995) 954-4250,18th Floor,Los Angeles,ES,N8D83,Spain
Veronica,O'Riordan,voriordanof@woothemes.com,+44 (381) 869-3281,Apt 1210,San Antonio,GB,SLTJ2,United Kingdom
Rozina,Skule,rskuleog@odnoklassniki.ru,+351 (326) 914-6181,PO Box 82708,Los Angeles,PT,G1U6M,Portugal
Maryjane,Vettore,mvettoreoh@merriam-webster.com,+1 (253) 309-4297,PO Box 54593,San Diego,US,3CBQU,United States
Hernando,Pache,hpacheoi@google.com,+351 (213) 500-1868,Room 1277,San Antonio,PT,FFHTG,Portugal
Marnie,Danigel,mdanigeloj@dailymotion.com,+351 (483) 743-1041,Apt 1384,Los Angeles,PT,5UA8R,Portugal
Robbin,Tomblett,rtomblettok@state.tx.us,+1 (571) 188-8051,18th Floor,San Antonio,US,N1GS3,United States
Obadiah,Petrelluzzi,opetrelluzziol@google.co.jp,+1 (419) 189-0103,PO Box 3449,Houston,US,76XFV,United States
Jillian,Worrill,jworrillom@soup.io,+1 (859) 523-2762,Apt 511,New York,US,83P0S,United States
Lewie,Station,lstationon@storify.com,+1 (212) 868-9010,4th Floor,Chicago,US,U138U,United States
Aloise,Joiris,ajoirisoo@wunderground.com,+351 (934) 703-3391,Suite 93,Los Angeles,PT,3VIF3,Portugal
Lucina,Deverill,ldeverillop@printfriendly.com,+351 (412) 837-6006,Suite 15,Dallas,PT,LJ8GL,Portugal
Jacquie,MacCarlich,jmaccarlichoq@technorati.com,+1 (615) 452-4996,Apt 1787,Los Angeles,US,1AOOB,United States
Fiona,McGenn,fmcgennor@china.com.cn,+34 (674) 171-8573,Suite 98,Phoenix,ES,LC3I9,Spain
Brendis,Ottiwill,bottiwillos@jiathis.com,+1 (907) 968-4588,Suite 33,Phoenix,US,1858M,United States
Mia,Corgenvin,mcorgenvinot@mozilla.com,+351 (852) 738-3332,Room 1047,Phoenix,PT,7BVHJ,Portugal
Sharona,Olphert,solphertou@addthis.com,+351 (653) 155-2656,Suite 52,Philadelphia,PT,5EUI3,Portugal
Sherry,Santacrole,ssantacroleov@geocities.jp,+351 (917) 242-7073,Room 1810,Dallas,PT,T60GX,Portugal
Cindi,Dimmne,cdimmneow@t-online.de,+351 (955) 668-6962,18th Floor,Phoenix,PT,U238Y,Portugal
Aimil,Keogh,akeoghox@etsy.com,+1 (214) 740-6557,PO Box 9367,San Diego,US,214AQ,United States
Mikaela,Brigham,mbrighamoy@soup.io,+351 (811) 747-6545,17th Floor,San Jose,PT,E216H,Portugal
Reggie,Sowden,rsowdenoz@digg.com,+351 (750) 327-0609,18th Floor,Chicago,PT,157V4,Portugal
Ibby,Ugoletti,iugolettip0@prweb.com,+1 (256) 696-8438,PO Box 34137,Houston,US,YE1PR,United States
Venus,Walburn,vwalburnp1@issuu.com,+351 (409) 528-3550,Room 356,Chicago,PT,5AVN0,Portugal
Cassy,Reina,creinap2@mail.ru,+1 (910) 155-2317,PO Box 74814,San Diego,US,QPYD7,United States
Nancie,Mary,nmaryp3@sourceforge.net,+351 (457) 572-9283,Suite 32,Phoenix,PT,GK1XC,Portugal
Amalle,Revance,arevancep4@tamu.edu,+351 (107) 898-7293,8th Floor,Dallas,PT,G5O7H,Portugal
Perry,Mallya,pmallyap5@adobe.com,+351 (537) 614-4796,Suite 65,Houston,PT,182VM,Portugal
Margalo,Lorente,mlorentep6@lulu.com,+351 (607) 163-0957,Apt 900,San Jose,PT,1U377,Portugal
Olympia,Silver,osilverp7@wp.com,+1 (562) 395-6262,18th Floor,Philadelphia,US,48LM0,United States
Randolph,Willows,rwillowsp8@symantec.com,+351 (759) 230-4696,Suite 49,Philadelphia,PT,21FWS,Portugal
Palm,Bolsteridge,pbolsteridgep9@123-reg.co.uk,+1 (402) 284-9458,Suite 99,Phoenix,US,E567P,United States
Berkeley,McKeighen,bmckeighenpa@hugedomains.com,+351 (923) 346-5941,Suite 32,Houston,PT,076YR,Portugal
Joycelin,Lovekin,jlovekinpb@mozilla.org,+351 (798) 378-8706,Room 1220,San Diego,PT,E9KHU,Portugal
Donavon,MacTimpany,dmactimpanypc@answers.com,+1 (267) 142-7901,PO Box 71815,San Antonio,US,JC83U,United States
Lira,Myford,lmyfordpd@about.com,+1 (205) 591-1651,15th Floor,San Jose,US,0041U,United States
Hastie,Shoobridge,hshoobridgepe@dyndns.org,+1 (609) 364-8080,Apt 601,San Jose,US,9MY9Q,United States
Ware,Spadaro,wspadaropf@mac.com,+1 (210) 451-2603,13th Floor,Dallas,US,W65MA,United States
Karlee,Sadd,ksaddpg@is.gd,+1 (612) 876-8098,Suite 80,San Diego,US,5B2O6,United States
Dallis,Worster,dworsterph@comsenz.com,+351 (223) 360-8433,Room 1211,Chicago,PT,UN34S,Portugal
Wanids,Kinner,wkinnerpi@chicagotribune.com,+351 (356) 460-5735,PO Box 10990,Phoenix,PT,1TZ56,Portugal
Rycca,Smithson,rsmithsonpj@yandex.ru,+1 (812) 569-8208,Apt 1989,Phoenix,US,94GT2,United States
Alexandrina,Sigward,asigwardpk@biblegateway.com,+1 (571) 857-8454,PO Box 49700,New York,US,L39FT,United States
Forest,Dict,fdictpl@mlb.com,+1 (786) 312-8971,3rd Floor,New York,US,3Q3U3,United States
Andris,Knapp,aknapppm@aol.com,+351 (531) 907-0169,Apt 1384,Chicago,PT,K529B,Portugal
Willard,Damerell,wdamerellpn@shop-pro.jp,+1 (504) 663-1944,Suite 60,San Jose,US,9600J,United States
Gabe,Morville,gmorvillepo@yahoo.co.jp,+351 (575) 802-5050,PO Box 97322,San Jose,PT,QNF5L,Portugal
Alessandro,Lansdown,alansdownpp@ifeng.com,+1 (513) 502-6910,Room 1778,Los Angeles,US,84931,United States
Byrle,Barroux,bbarrouxpq@ebay.co.uk,+1 (337) 861-6097,Suite 97,Dallas,US,77K49,United States
Goddart,Pooley,gpooleypr@usatoday.com,+1 (785) 212-3586,PO Box 4205,New York,US,ZKK88,United States
Gabriela,Nickoles,gnickolesps@nymag.com,+1 (571) 655-7140,PO Box 96124,San Antonio,US,I2KYK,United States
Klarika,Fforde,kffordept@histats.com,+1 (646) 446-8996,19th Floor,Dallas,US,SPF29,United States
Osbourn,Kohneke,okohnekepu@sakura.ne.jp,+351 (729) 316-4973,Room 43,San Diego,PT,OH05C,Portugal
Spence,Gallandre,sgallandrepv@microsoft.com,+351 (568) 918-6370,PO Box 49985,San Jose,PT,1P5Y2,Portugal
Freeman,Cansdill,fcansdillpw@webmd.com,+351 (957) 618-8005,PO Box 63858,Philadelphia,PT,4HQ1P,Portugal
Hestia,Legrand,hlegrandpx@shareasale.com,+1 (712) 641-3101,Apt 1912,San Diego,US,4D7G5,United States
Hortensia,Foot,hfootpy@ox.ac.uk,+351 (871) 231-3497,Apt 903,New York,PT,DP30R,Portugal
Dewie,Gilfillan,dgilfillanpz@nydailynews.com,+351 (319) 784-9931,PO Box 28700,San Jose,PT,CZ15T,Portugal
Cris,Glede,cgledeq0@ftc.gov,+351 (886) 602-8088,Apt 699,Los Angeles,PT,14G4A,Portugal
Gwyneth,Tresler,gtreslerq1@guardian.co.uk,+1 (504) 682-7394,10th Floor,Chicago,US,UU6U9,United States
Xavier,Andreassen,xandreassenq2@miitbeian.gov.cn,+1 (408) 876-8916,Suite 9,Dallas,US,0041H,United States
Alfreda,Scoyles,ascoylesq3@shop-pro.jp,+1 (954) 834-2055,Room 417,Philadelphia,US,06XCK,United States
Natalie,Dykins,ndykinsq4@goodreads.com,+44 (702) 669-7883,Room 653,New York,GB,E3N5D,United Kingdom
Randie,Piniur,rpiniurq5@macromedia.com,+966 (447) 977-2324,Apt 1342,Houston,SA,1R6BW,Saudi Arabia
Sergent,Andreini,sandreiniq6@sciencedirect.com,+351 (606) 663-8039,Room 1412,Los Angeles,PT,Y929L,Portugal
Nadine,Call,ncallq7@vimeo.com,+1 (812) 198-1080,13th Floor,Philadelphia,US,5NRA7,United States
Lil,Climo,lclimoq8@amazon.de,+351 (926) 545-9469,Suite 64,Philadelphia,PT,KZ41P,Portugal
Etty,Kermeen,ekermeenq9@accuweather.com,+351 (448) 531-4193,Suite 74,Philadelphia,PT,37R6A,Portugal
Bari,Heaphy,bheaphyqa@blogs.com,+1 (210) 682-2904,PO Box 28136,Dallas,US,W68O2,United States
Jase,Gandy,jgandyqb@walmart.com,+351 (204) 646-8295,PO Box 81949,San Diego,PT,1802W,Portugal
Ayn,Drinkale,adrinkaleqc@edublogs.org,+61 (197) 310-5757,Apt 1209,San Jose,AU,B5U1K,Australia
Teirtza,Morena,tmorenaqd@yellowbook.com,+1 (330) 504-9859,Room 1812,San Jose,US,5M45Z,United States
Mallorie,Moulds,mmouldsqe@goo.gl,+1 (703) 460-8506,PO Box 25486,Philadelphia,US,VTMXF,United States
Immanuel,Wiggans,iwiggansqf@tiny.cc,+1 (518) 716-6242,PO Box 60574,Chicago,US,8216X,United States
Bette-ann,Calvard,bcalvardqg@hud.gov,+1 (205) 168-0605,Room 1148,San Antonio,US,HBNMD,United States
Vernice,Braund,vbraundqh@pcworld.com,+44 (842) 431-3662,Apt 1436,Los Angeles,GB,G7036,United Kingdom
Hortense,Patillo,hpatilloqi@wunderground.com,+351 (485) 708-1099,PO Box 6656,San Jose,PT,451SH,Portugal
Wendie,Bartomeu,wbartomeuqj@latimes.com,+351 (713) 469-1216,Apt 1438,Phoenix,PT,X29C4,Portugal
Lonni,Sharkey,lsharkeyqk@quantcast.com,+1 (360) 395-9579,PO Box 61586,San Jose,US,RXJPI,United States
Katti,Spiers,kspiersql@godaddy.com,+1 (206) 863-4357,Apt 1204,New York,US,9UAJJ,United States
Cloris,Semonin,csemoninqm@eventbrite.com,+351 (115) 592-4344,PO Box 66910,Phoenix,PT,BS77B,Portugal
Reginald,Longhorne,rlonghorneqn@nytimes.com,+351 (566) 868-1194,PO Box 28446,Phoenix,PT,1Q120,Portugal
Audi,Winsper,awinsperqo@blogs.com,+351 (302) 244-9305,PO Box 17915,San Antonio,PT,WEQ9Y,Portugal
Burke,Rois,broisqp@omniture.com,+591 (372) 950-0118,19th Floor,San Diego,BO,3242M,Bolivia
Syman,Bennie,sbennieqq@dailymail.co.uk,+972 (646) 490-5066,Apt 1982,San Jose,IL,O5Y61,Israel
Kakalina,Barkley,kbarkleyqr@gmpg.org,+351 (840) 774-2567,Suite 45,Houston,PT,EY74Y,Portugal
Quintana,Gatfield,qgatfieldqs@cbc.ca,+966 (336) 170-9700,Suite 77,Philadelphia,SA,8T9WY,Saudi Arabia
Phillida,Avrasin,pavrasinqt@google.com,+351 (165) 455-7599,Suite 79,Houston,PT,MW9WG,Portugal
Gaelan,Llewhellin,gllewhellinqu@github.com,+351 (680) 547-3921,3rd Floor,San Diego,PT,Q86QD,Portugal
Renado,Itzkowicz,ritzkowiczqv@yelp.com,+966 (553) 165-1566,PO Box 86368,Phoenix,SA,HKM3V,Saudi Arabia
Stafford,Hilliam,shilliamqw@ocn.ne.jp,+351 (147) 195-0528,Suite 68,Los Angeles,PT,DCDVF,Portugal
Orv,Lowbridge,olowbridgeqx@360.cn,+61 (198) 684-4292,Suite 7,San Diego,AU,3H4BK,Australia
Cacilie,Kelly,ckellyqy@usda.gov,+351 (797) 475-7949,Room 119,Chicago,PT,PH660,Portugal
Dalis,Philipp,dphilippqz@forbes.com,+351 (748) 933-0124,Room 270,Houston,PT,N4L8F,Portugal
Britt,Girhard,bgirhardr0@businessinsider.com,+591 (462) 377-4033,Suite 67,Chicago,BO,I2B17,Bolivia
Byrann,Eddicott,beddicottr1@fc2.com,+1 (508) 595-1142,PO Box 37285,Los Angeles,US,F0O47,United States
Rozelle,Pasterfield,rpasterfieldr2@bloomberg.com,+351 (429) 624-1361,Room 434,Los Angeles,PT,GBG7H,Portugal
Aharon,Winders,awindersr3@toplist.cz,+34 (529) 926-6005,Apt 672,Houston,ES,7505V,Spain
Currie,Huggill,chuggillr4@pbs.org,+351 (964) 322-8291,19th Floor,Phoenix,PT,96E2N,Portugal
Davine,Darville,ddarviller5@blog.com,+1 (313) 659-7811,Room 1179,Los Angeles,US,N72W2,United States
Arlyn,Blyde,ablyder6@slashdot.org,+1 (402) 115-0264,Apt 1278,New York,US,0N1KG,United States
Nikoletta,Tomaello,ntomaellor7@usnews.com,+972 (653) 567-8580,Suite 2,Los Angeles,IL,6J68O,Israel
Leonora,Capelow,lcapelowr8@springer.com,+351 (528) 228-2821,Room 1922,New York,PT,5ZT46,Portugal
Andrea,Willowby,awillowbyr9@bravesites.com,+351 (411) 772-5326,Room 1906,Philadelphia,PT,R616Z,Portugal
Jackson,Carlone,jcarlonera@privacy.gov.au,+1 (229) 697-3058,PO Box 60726,Phoenix,US,R4JJ7,United States
Dewey,Toun,dtounrb@smugmug.com,+1 (314) 232-0181,Apt 295,Los Angeles,US,IZO38,United States
Thomas,Vacher,tvacherrc@wsj.com,+34 (308) 864-2503,6th Floor,San Jose,ES,3M92R,Spain
Nicola,Pail,npailrd@google.de,+1 (304) 933-7486,Suite 63,Los Angeles,US,I1E97,United States
Carola,Vyvyan,cvyvyanre@shop-pro.jp,+1 (772) 124-5628,10th Floor,San Antonio,US,5A3C1,United States
Wadsworth,Lowther,wlowtherrf@about.com,+972 (889) 838-3872,7th Floor,Phoenix,IL,QCVL0,Israel
Leland,Moorman,lmoormanrg@usda.gov,+1 (864) 286-9942,Suite 2,Houston,US,A10PP,United States
Humfried,Van Der Walt,hvanderwaltrh@dyndns.org,+351 (692) 992-9321,Suite 75,San Antonio,PT,J0U29,Portugal
Ange,O'Ruane,aoruaneri@census.gov,+351 (248) 976-2994,Apt 1260,Philadelphia,PT,3ISW0,Portugal
Hedda,Elen,helenrj@bloglines.com,+351 (867) 723-2294,8th Floor,San Antonio,PT,Y1860,Portugal
Joanna,Meeron,jmeeronrk@nytimes.com,+39 (103) 251-3325,PO Box 30749,Chicago,IT,9HC89,Italy
Hersch,Staples,hstaplesrl@archive.org,+351 (568) 334-5762,17th Floor,Chicago,PT,LD248,Portugal
Caresa,Widdows,cwiddowsrm@sohu.com,+972 (792) 249-2310,Apt 1051,Dallas,IL,90YA3,Israel
Jacky,Laden,jladenrn@npr.org,+351 (950) 773-6287,PO Box 82630,Dallas,PT,8O9KK,Portugal
Cecily,Donati,cdonatiro@go.com,+34 (198) 806-6392,Apt 267,Los Angeles,ES,N113N,Spain
Ingunna,Ortsmann,iortsmannrp@vk.com,+351 (290) 234-3058,PO Box 8671,Phoenix,PT,0MO1U,Portugal
Nestor,Dell Casa,ndellcasarq@ebay.co.uk,+351 (920) 231-0654,14th Floor,Philadelphia,PT,O1828,Portugal
Josi,Harteley,jharteleyrr@creativecommons.org,+351 (665) 692-4143,Apt 515,Phoenix,PT,62U27,Portugal